video_id,channel_id,channel_title,niche,title,view_count,like_count,comment_count,duration_seconds,engagement_rate,day_of_week,hour_of_day,duration_category,channel_median_views,performance_ratio,performance_label,title_length,word_count,has_number,has_dollar,has_rupee,has_question,has_exclamation,has_vs,has_challenge,has_hours,has_last,has_win,has_free,has_extreme,has_best,has_worst,has_every,has_first,has_only,has_never,has_days,has_review,has_how,has_why,has_what,duration_encoded
1h10SDDJ79M,19,Jeff Nippard,fitness,Training With Grief,1929619,106701,4740,55,5.775285172876096,6,14,short,5929106.0,0.32544855834926883,Low,19,3,0,0,0,0,0,0,0,0,0,0,0,0,0,0,0,0,0,0,0,0,0,0,0,0
EpvoiNFqka0,19,Jeff Nippard,fitness,How I Cured My Body Dysmorphia,5606977,221733,2852,56,4.005456059477326,3,15,short,5929106.0,0.9456698868261083,Medium,30,6,0,0,0,0,0,0,0,0,0,0,0,0,0,0,0,0,0,0,0,0,1,0,0,0
MT9ZeE5JJsI,19,Jeff Nippard,fitness,How I Blew Up My Shoulders,2902574,101325,3132,846,3.5987712974759645,0,15,long,5929106.0,0.48954665340778186,Low,26,6,0,0,0,0,0,0,0,0,0,0,0,0,0,0,0,0,0,0,0,0,1,0,0,2
DzjWEn2BS_k,19,Jeff Nippard,fitness,I Cut The Number Of Sets I Do In Half,3149836,120249,8304,1211,4.081260103700638,0,14,long,5929106.0,0.5312497364695453,Medium,37,10,0,0,0,0,0,0,0,0,0,0,0,0,0,0,0,0,0,0,0,0,0,0,0,2
eLCBC6fjtQU,19,Jeff Nippard,fitness,The Best Ab Exercise No One Knows,9195327,384874,2880,49,4.216859280806435,4,16,short,5929106.0,1.550879171328696,High,33,7,0,0,0,0,0,0,0,0,0,0,0,0,1,0,0,0,0,0,0,0,0,0,0,0
9IBteJ8DGew,19,Jeff Nippard,fitness,I Ranked the Strangest Gym Exercises (One Is S-Tier!),5799230,163239,1041,79,2.8327898703793433,6,15,short,5929106.0,0.9780951799478708,Medium,53,9,0,0,0,0,1,0,0,0,0,0,0,0,0,0,0,0,0,0,0,0,0,0,0,0
xGMqmmn5Z7Q,19,Jeff Nippard,fitness,I Found The Best Incline For The Upper Chest,5318270,156199,1629,57,2.967656775605601,6,15,short,5929106.0,0.8969767111601648,Medium,44,9,0,0,0,0,0,0,0,0,0,0,0,0,1,0,0,0,0,0,0,0,0,0,0,0
Cc97g7_CkQs,19,Jeff Nippard,fitness,How Fast Should You Lose Weight? (To Avoid Muscle Loss),1263773,49893,664,58,4.000481099058137,6,16,short,5929106.0,0.21314731090994157,Low,55,10,0,0,0,1,0,0,0,0,0,0,0,0,0,0,0,0,0,0,0,0,1,0,0,0
WX8JjtGuM2A,19,Jeff Nippard,fitness,"If You Lost Muscle, Do This First",6707779,214069,1292,48,3.210615615094057,0,15,short,5929106.0,1.131330591829527,High,33,7,0,0,0,0,0,0,0,0,0,0,0,0,0,0,0,1,0,0,0,0,0,0,0,0
LoalBx5vnZk,19,Jeff Nippard,fitness,I Gained Fat Over The Holidays,5521484,177624,1259,44,3.239763078186951,0,15,short,5929106.0,0.9312506809626949,Medium,30,6,0,0,0,0,0,0,0,0,0,0,0,0,0,0,0,0,0,0,1,0,0,0,0,0
cfDHaxldy2w,19,Jeff Nippard,fitness,I Tried To Do Every Exercise (Brutal Challenge),4133637,164076,773,60,3.9879892694980232,5,17,short,5929106.0,0.6971771123673619,Medium,47,8,0,0,0,0,0,0,1,0,0,0,0,0,0,0,1,0,0,0,0,0,0,0,0,0
S6rqpxVGKZ4,19,Jeff Nippard,fitness,The Only 25 Exercises You Ever Need,3758999,135741,6116,1396,3.7737972263360535,1,15,long,5929106.0,0.6339908579809502,Medium,35,7,1,0,0,0,0,0,0,0,0,0,0,0,0,0,0,0,1,0,0,0,0,0,0,2
ShLYJkzxP3A,19,Jeff Nippard,fitness,Everyone Is Confused About Shoulder Training,8145889,201231,1887,53,2.493503164602415,2,15,short,5929106.0,1.373881492420611,High,44,6,0,0,0,0,0,0,0,0,0,0,0,0,0,0,1,0,0,0,0,0,0,0,0,0
dKuEOFTEvd8,19,Jeff Nippard,fitness,Who Had The Best Physique Ever?,7611299,247625,2683,144,3.2886370644485257,2,15,medium,5929106.0,1.2837178151309827,High,31,6,0,0,0,1,0,0,0,0,0,0,0,0,1,0,0,0,0,0,0,0,0,0,0,1
UY74PoCMYo0,19,Jeff Nippard,fitness,How Much Diet Coke Can You Drink A Day?,10638465,305430,6779,59,2.9347184955724344,4,15,short,5929106.0,1.79427809184049,High,39,9,0,0,0,1,0,0,0,0,0,0,0,0,0,0,0,0,0,0,1,0,1,0,0,0
dWLK29sX4Pc,19,Jeff Nippard,fitness,What Is Your Body Fat Percentage? (Find Out!),4981374,115040,3584,40,2.3813510087778997,6,16,short,5929106.0,0.8401560032827883,Medium,45,8,0,0,0,1,1,0,0,0,0,0,0,0,0,0,0,0,0,0,0,0,0,0,1,0
LV9OeFhQpRI,19,Jeff Nippard,fitness,Build Bigger Arms In 45 Mins (Scientifically),2715653,91564,783,50,3.400544914979933,3,15,short,5929106.0,0.458020652691991,Low,45,7,1,0,0,0,0,0,0,0,0,0,0,0,0,0,0,0,0,0,0,0,0,0,0,0
OWAfHGmOf0A,19,Jeff Nippard,fitness,What Is The Best Side Delt Exercise?,6777380,190036,1164,59,2.821149175640144,6,16,short,5929106.0,1.1430694610620893,High,36,7,0,0,0,1,0,0,0,0,0,0,0,0,1,0,0,0,0,0,0,0,0,0,1,0
Nh68nvasSHM,19,Jeff Nippard,fitness,What 20% Body Fat Really Looks Like,3505790,134238,854,70,3.8533968092783653,6,14,short,5929106.0,0.591284756926255,Medium,35,7,1,0,0,0,0,0,0,0,0,0,0,0,0,0,0,0,0,0,0,0,0,0,1,0
RQNfBQbcbIo,19,Jeff Nippard,fitness,The Best 45-Min Leg Workout,5077010,165186,1233,54,3.2778938784835954,5,15,short,5929106.0,0.8562859223633378,Medium,27,5,1,0,0,0,0,0,0,0,0,0,0,0,1,0,0,0,0,0,0,0,0,0,0,0
cZkyHQ8wyJE,19,Jeff Nippard,fitness,Low Volume Upper Body Workout (Science-Based),5197815,180237,1771,60,3.5016252021282024,5,15,short,5929106.0,0.876660832172675,Medium,45,6,0,0,0,0,0,0,0,0,0,0,0,0,0,0,0,0,0,0,0,0,0,0,0,0
5K9QhkPww44,19,Jeff Nippard,fitness,What Every Body Fat % Actually Looks Like (50% to 5%),13971810,364889,19128,2048,2.7485128984719944,6,15,very_long,5929106.0,2.35647836284256,High,53,11,1,0,0,0,0,0,0,0,0,0,0,0,0,0,1,0,0,0,0,0,0,0,1,3
qOe5uDVSqnE,19,Jeff Nippard,fitness,The Best & Worst Forearms Exercises,11723403,402562,2221,81,3.452777320714813,6,15,short,5929106.0,1.9772631826788052,High,35,6,0,0,0,0,0,0,0,0,0,0,0,0,1,1,0,0,0,0,0,0,0,0,0,0
Oj5lC-06ags,19,Jeff Nippard,fitness,I Cut My Workouts In Half (The Results),1903056,60787,776,60,3.2349547254521145,0,15,short,5929106.0,0.3209684562900377,Low,39,8,0,0,0,0,0,0,0,0,0,0,0,0,0,0,0,0,0,0,0,0,0,0,0,0
WRVEQLJ6GRw,19,Jeff Nippard,fitness,How Much Do You Know About Training? (Easy → Genius),5737729,162822,1494,59,2.8637811231586574,5,14,short,5929106.0,0.967722452592347,Medium,52,10,0,0,0,1,0,0,0,0,0,0,0,0,0,0,0,0,0,0,0,0,1,0,0,0
mYROrXBWfKA,19,Jeff Nippard,fitness,Why Is No One Doing This Glute Exercise?,2093344,82996,1582,60,4.040329730803919,1,16,short,5929106.0,0.35306233351199995,Low,40,8,0,0,0,1,0,0,0,0,0,0,0,0,0,0,0,0,0,0,0,0,0,1,0,0
1mGXae-LCiM,19,Jeff Nippard,fitness,The Best Back Exercise No One Knows,20763023,591520,2711,54,2.861967643151,1,18,short,5929106.0,3.5018808906435472,Viral,35,7,0,0,0,0,0,0,0,0,0,0,0,0,1,0,0,0,0,0,0,0,0,0,0,0
hYbhQ2nbq90,19,Jeff Nippard,fitness,99% of people can’t hang this long. Can you?,6284899,201483,2002,51,3.2376813056184353,0,14,short,5929106.0,1.0600078662786598,High,44,9,1,0,0,1,0,0,0,0,0,0,0,0,0,0,0,0,0,0,0,0,0,0,0,0
qpRGnTTcLpo,19,Jeff Nippard,fitness,7 Amazing Exercises No One Does (ALL S TIER),4911279,161351,4988,966,3.3868774305023193,5,15,long,5929106.0,0.8283338162616759,Medium,44,9,1,0,0,0,0,0,0,0,0,0,0,0,0,0,0,0,0,0,0,0,0,0,0,2
ZzzUDdn7X-c,19,Jeff Nippard,fitness,I Put MacroFactor’s AI Calorie Tracking To The Test #ad,1328686,36365,875,58,2.8027690515291046,3,16,short,5929106.0,0.2240955044487314,Low,55,10,0,0,0,0,0,0,0,0,0,0,0,0,0,0,0,0,0,0,0,0,0,0,0,0
zEuseRjS7vg,19,Jeff Nippard,fitness,What Is The Best Rear Delt Exercise?,8125352,202089,1034,56,2.499867082681464,3,14,short,5929106.0,1.3704177324541003,High,36,7,0,0,0,1,0,0,0,0,0,0,0,0,1,0,0,0,0,0,0,0,0,0,1,0
hvCgDYFIRGY,19,Jeff Nippard,fitness,A Tour Of The Smartest Gym Ever Built,13533195,535721,3724,56,3.986087542520447,6,14,short,5929106.0,2.2825017802009273,High,37,8,0,0,0,0,0,0,0,0,0,0,0,0,0,0,0,0,0,0,0,0,0,0,0,0
U1zCyaQc91g,19,Jeff Nippard,fitness,I Built The World's Most Scientific Gym,3387478,164613,7869,1187,5.091752625404505,0,16,long,5929106.0,0.5713303152279618,Medium,39,7,0,0,0,0,0,0,0,0,0,0,0,0,0,0,0,0,0,0,0,0,0,0,0,2
UUZy6-_NWjo,19,Jeff Nippard,fitness,My New Diet To Get Shredded (2000 Calories),10095225,230196,3351,45,2.3134402650758155,1,15,short,5929106.0,1.7026555099537772,High,43,8,1,0,0,0,0,0,0,0,0,0,0,0,0,0,0,0,0,0,0,0,0,0,0,0
JPxjOflSTTo,19,Jeff Nippard,fitness,The Best Science-Based Morning Routine,8324281,305566,2785,55,3.7042358373053483,3,14,short,5929106.0,1.4039689963377278,High,38,5,0,0,0,0,0,0,0,0,0,0,0,0,1,0,0,0,0,0,0,0,0,0,0,0
m-S9G7-xvmM,19,Jeff Nippard,fitness,What’s In My Fridge? (For Fat Loss!),6127080,162642,1637,42,2.6811956103070305,6,14,short,5929106.0,1.0333901940697299,High,36,7,0,0,0,1,1,0,0,0,0,0,0,0,0,0,0,0,0,0,0,0,0,0,1,0
rvtZs_nTqr0,19,Jeff Nippard,fitness,How To Tell If Someone Is On Steroids (Using Science),2400786,92119,10848,1022,4.288887056155775,3,15,long,5929106.0,0.40491534474168617,Low,53,10,0,0,0,0,0,0,0,0,0,0,0,0,0,0,0,0,0,0,0,0,1,0,0,2
5RtVbWCX5y0,19,Jeff Nippard,fitness,Which Workout Split Is Actually Best? (Science-Based),16420601,473042,4606,59,2.9088338484078626,6,15,short,5929106.0,2.7694902064493365,High,53,7,0,0,0,1,0,0,0,0,0,0,0,0,1,0,0,0,0,0,0,0,0,0,0,0
eXS5Kd1f-k0,19,Jeff Nippard,fitness,Natural Testosterone: What Everyone Gets Wrong,7950559,166450,2160,45,2.1207313850510388,1,17,short,5929106.0,1.3409372340450652,High,46,6,0,0,0,0,0,0,0,0,0,0,0,0,0,0,1,0,0,0,0,0,0,0,0,0
t9Cs6HXy1v8,19,Jeff Nippard,fitness,Are These Influencers Lying About Steroids?,20982916,491250,6779,60,2.373497563446377,2,13,short,5929106.0,3.5389679320963396,Viral,43,6,0,0,0,1,0,0,0,0,0,0,0,0,0,0,0,0,0,0,0,0,0,0,0,0
agpwjPkGulY,19,Jeff Nippard,fitness,What Bulking Did To My Body (Not Good),6499132,201262,1641,60,3.1220015226648727,4,15,short,5929106.0,1.0961402950124353,High,38,8,0,0,0,0,0,0,0,0,0,0,0,0,0,0,0,0,0,0,0,0,0,0,1,0
2qDA86gP_zg,19,Jeff Nippard,fitness,How To Look Enhanced Without Steroids,2299574,73761,8204,965,3.5643558328629568,6,16,long,5929106.0,0.38784498033936315,Low,37,6,0,0,0,0,0,0,0,0,0,0,0,0,0,0,0,0,0,0,0,0,1,0,0,2
fZPeULMIZDw,19,Jeff Nippard,fitness,"Best Scientific Arm Day In 2025 (Biceps, Triceps, Forearms)",3938782,156178,871,71,3.9872478344828424,1,13,short,5929106.0,0.6643129672500374,Medium,59,9,1,0,0,0,0,0,0,0,0,0,0,0,1,0,0,0,0,0,1,0,0,0,0,0
udMD7yppV-w,19,Jeff Nippard,fitness,Was I Wrong About Overtraining?,1770506,93546,1072,162,5.34412196287389,3,13,medium,5929106.0,0.2986126407589947,Low,31,5,0,0,0,1,0,0,0,0,0,0,0,0,0,0,0,0,0,0,0,0,0,0,0,1
928aRhhPP8I,19,Jeff Nippard,fitness,The Upper Body Workout I Followed For My 1 Year Transformation,5792714,176593,3295,784,3.105418289250945,1,14,long,5929106.0,0.9769961947045642,Medium,62,11,1,0,0,0,0,0,0,0,0,0,0,0,0,0,0,0,0,0,0,0,0,0,0,2
swdF3yybimY,19,Jeff Nippard,fitness,Are You Overtraining?,5655778,202505,1648,78,3.609636021781619,0,15,short,5929106.0,0.9539006386460286,Medium,21,3,0,0,0,1,0,0,0,0,0,0,0,0,0,0,0,0,0,0,0,0,0,0,0,0
8KoBu44qKXk,19,Jeff Nippard,fitness,I Tested MrBeast’s Fitness Knowledge…,8477822,285969,1344,58,3.38899542830694,1,13,short,5929106.0,1.4298651432441922,High,37,5,0,0,0,0,0,0,0,0,0,0,0,0,0,0,0,0,0,0,0,0,0,0,0,0
HimT73spWQ4,19,Jeff Nippard,fitness,3 Things I Wish I Knew When I Started Lifting,2521597,109898,647,49,4.383928121741896,4,16,short,5929106.0,0.42529126650796933,Low,45,10,1,0,0,0,0,0,0,0,0,0,0,0,0,0,0,0,0,0,0,0,0,0,0,0
FmNpOsEWms4,19,Jeff Nippard,fitness,Before Your Next Leg Day… Watch This (5 Tips),2568356,103577,400,60,4.048387373090023,5,14,short,5929106.0,0.4331776156472831,Low,45,9,1,0,0,0,0,0,0,0,0,0,0,0,0,0,0,0,0,0,1,0,0,0,0,0
VeJvofBpBqw,19,Jeff Nippard,fitness,"The $100,000 Before & After Winner (INSANE RESULTS)",1256618,59894,1201,73,4.861859371742248,1,14,short,5929106.0,0.21194055225189093,Low,51,8,1,1,0,0,0,0,0,0,0,1,0,0,0,0,0,0,0,0,0,0,0,0,0,0
hRZ5MM6gmlE,19,Jeff Nippard,fitness,The Leg Workout I Followed For My 1 Year Transformation,2548217,82458,1923,730,3.311374188304999,0,14,long,5929106.0,0.4297809821581871,Low,55,10,1,0,0,0,0,0,0,0,0,0,0,0,0,0,0,0,0,0,0,0,0,0,0,2
XUhA--3Iz2c,19,Jeff Nippard,fitness,Science Lifter Vs World’s Strongest Pro,39156660,1439511,9095,155,3.6995136970313607,0,14,medium,5929106.0,6.60414234456257,Viral,39,6,0,0,0,0,0,1,0,0,0,0,0,0,0,0,0,0,0,0,0,0,0,0,0,1
-A25orqRydQ,19,Jeff Nippard,fitness,The Ultimate Day Of Bodybuilding (Training & Diet),1232795,83470,338,51,6.798210570289465,4,14,short,5929106.0,0.2079225771979789,Low,50,8,0,0,0,0,0,0,0,0,0,0,0,0,0,0,0,0,0,0,1,0,0,0,0,0
hY_s-BBzq1w,19,Jeff Nippard,fitness,This One Habit Cuts Your Risk Of Death By 50%! (It’s Not Lifting),7259382,276400,5548,49,3.8839118812042126,5,15,short,5929106.0,1.2243636730394094,High,65,13,1,0,0,0,1,0,0,0,0,0,0,0,0,0,0,0,0,0,0,0,0,0,0,0
jMqN4loB8IY,19,Jeff Nippard,fitness,What Happens If You Only Do 1 Rep?,9947873,352520,2099,58,3.5647720874603044,0,14,short,5929106.0,1.6778031966370648,High,34,8,1,0,0,1,0,0,0,0,0,0,0,0,0,0,0,0,1,0,0,0,0,0,1,0
i5fCtVrwrYY,19,Jeff Nippard,fitness,How Much Muscle Can You Gain In 365 Days? (No Steroids),9865864,281146,1536,59,2.8652533625032737,4,14,short,5929106.0,1.6639716004402687,High,55,11,1,0,0,1,0,0,0,0,0,0,0,0,0,0,0,0,0,0,1,0,1,0,0,0
2cP7f8kBBpk,19,Jeff Nippard,fitness,What’s In My Gym Bag? (Not Sponsored),24694896,643624,4058,45,2.6227362933619967,6,14,short,5929106.0,4.165028589470318,Viral,37,7,0,0,0,1,0,0,0,0,0,0,0,0,0,0,0,0,0,0,0,0,0,0,1,0
PiYSbR2B85w,19,Jeff Nippard,fitness,How Much Muscle Did I Gain In 365 Days? (Scientific Experiment),7588751,280531,8246,1997,3.8053297571629376,6,14,very_long,5929106.0,1.279914880928086,High,63,11,1,0,0,1,0,0,0,0,0,0,0,0,0,0,0,0,0,0,1,0,1,0,0,3
7KLZrIDbgN4,19,Jeff Nippard,fitness,Losing Muscle Could Kill You,3022443,149564,1450,46,4.996421768747996,6,16,short,5929106.0,0.5097636979335501,Medium,28,5,0,0,0,0,0,0,0,0,0,0,0,0,0,0,0,0,0,0,0,0,0,0,0,0
3Xiua0NMjSU,19,Jeff Nippard,fitness,Can You Tell Who Is On Steroids?,73406017,1626809,7837,44,2.226855599589336,6,15,short,5929106.0,12.380621462999649,Viral,32,7,0,0,0,1,0,0,0,0,0,0,0,0,0,0,0,0,0,0,0,0,0,0,0,0
gEopR8_5xuQ,19,Jeff Nippard,fitness,"Transform Your Physique, Win $100,000",1254910,96802,2443,49,7.908535273445905,2,22,short,5929106.0,0.2116524818412759,Low,37,5,1,1,0,0,0,0,0,0,0,1,0,0,0,0,0,0,0,0,0,0,0,0,0,0
BhUpWmlKcJ8,19,Jeff Nippard,fitness,Top 3 Glute Exercises For A Shelf-Like Butt,6766635,207914,1257,48,3.0912115105957394,5,15,short,5929106.0,1.141257214831376,High,43,8,1,0,0,0,0,0,0,0,0,0,0,0,0,0,0,0,0,0,0,0,0,0,0,0
7RFG9k99AOU,19,Jeff Nippard,fitness,What Is My Max Push-Up?,1216050,50139,468,29,4.161588750462563,6,16,short,5929106.0,0.20509837402131115,Low,23,5,0,0,0,1,0,0,0,0,0,0,0,0,0,0,0,0,0,0,0,0,0,0,1,0
r74q9EF_ni4,19,Jeff Nippard,fitness,A Better Way To Grow Traps,5935971,235845,1950,53,4.006000029312812,3,14,short,5929106.0,1.0011578474056628,High,26,6,0,0,0,0,0,0,0,0,0,0,0,0,0,0,0,0,0,0,0,0,0,0,0,0
3ryh7PNhz3E,19,Jeff Nippard,fitness,The Best & Worst Glute Exercises (According To Science),5443607,167049,4665,839,3.154415812897588,0,14,long,5929106.0,0.9181159857826795,Medium,55,9,0,0,0,0,0,0,0,0,0,0,0,0,1,1,0,0,0,0,0,0,0,0,0,2
A9OxBT-6Mw0,19,Jeff Nippard,fitness,Top 3 Quad Exercises For Tree Trunk Legs,8322772,272238,1599,54,3.290213885469889,5,15,short,5929106.0,1.4037144891658202,High,40,8,1,0,0,0,0,0,0,0,0,0,0,0,0,0,0,0,0,0,0,0,0,0,0,0
iFkbVWO9hww,19,Jeff Nippard,fitness,Do Fitness Influencers Actually Know Fitness (Ep. 3 - Mike Israetel),15056497,571571,3173,60,3.817249125078695,1,13,short,5929106.0,2.5394211201486363,High,68,11,1,0,0,0,0,0,0,0,0,0,0,0,0,0,0,0,0,0,0,0,0,0,0,0
MpCP9VDNkNM,19,Jeff Nippard,fitness,"Beat Your Bench Max, Win $1000",3757178,249646,2183,119,6.702610310184931,4,15,short,5929106.0,0.6336837290478531,Medium,30,6,1,1,0,0,0,0,0,0,0,1,0,0,0,0,0,0,0,0,0,0,0,0,0,0
Ykreq4u_Egw,19,Jeff Nippard,fitness,Exercise Scientists Critique Fitness Influencer Workouts,2941886,80445,3342,1749,2.848070931368517,3,15,long,5929106.0,0.49617699531767523,Low,56,6,0,0,0,0,0,0,0,0,0,0,0,0,0,0,0,0,0,0,0,0,0,0,0,2
gj_p-xaG7sw,19,Jeff Nippard,fitness,3 Back Training Tips You’ve Never Tried,3393189,181513,504,60,5.364186905002934,6,16,short,5929106.0,0.5722935295810194,Medium,39,7,1,0,0,0,0,0,0,0,0,0,0,0,0,0,0,0,0,1,0,0,0,0,0,0
RubpsN9VHM4,19,Jeff Nippard,fitness,How To Build Muscle For $8/Day (Budget Friendly Meal Prep),13790413,547771,5490,57,4.011924806022851,1,14,short,5929106.0,2.3258840371550114,High,58,10,1,1,0,0,0,0,0,0,0,0,0,0,0,0,0,0,0,0,1,0,1,0,0,0
NS_GeXoboo4,19,Jeff Nippard,fitness,How To Get Jacked For $10/Day (Healthy Meals On A Budget),4357164,151277,3657,1079,3.5558450404896393,5,16,long,5929106.0,0.7348770624104207,Medium,57,11,1,1,0,0,0,0,0,0,0,0,0,0,0,0,0,0,0,0,1,0,1,0,0,2
baEXLy09Ncc,19,Jeff Nippard,fitness,Get NOTICEABLY BIGGER Calves With This Technique,9376306,391006,2670,57,4.1986257701060525,3,14,short,5929106.0,1.58140299734901,High,48,7,0,0,0,0,0,0,0,0,0,0,0,0,0,0,0,0,0,0,0,0,0,0,0,0
npQCpz5UWwE,19,Jeff Nippard,fitness,What Is My Pull-Up Max?,2306691,107735,1516,28,4.736265065411882,4,17,short,5929106.0,0.38904532993675606,Low,23,5,0,0,0,1,0,0,0,0,0,0,0,0,0,0,0,0,0,0,0,0,0,0,1,0
VyOK1SUkGZs,19,Jeff Nippard,fitness,The Worst Workout Myth,3130020,180358,2114,34,5.829739107098357,0,15,short,5929106.0,0.5279075799960399,Medium,22,4,0,0,0,0,0,0,0,0,0,0,0,0,0,1,0,0,0,0,0,0,0,0,0,0
x7BUPjXCW6I,19,Jeff Nippard,fitness,Cheat Vs Strict Technique (My New Study Results!),4547685,248387,1916,45,5.503965204274262,6,17,short,5929106.0,0.7670102372937843,Medium,49,8,0,0,0,0,1,1,0,0,0,0,0,0,0,0,0,0,0,0,0,0,0,0,0,0
4KILcjhKwSU,19,Jeff Nippard,fitness,Do Fitness Influencers Actually Know Fitness? (Ep. 2 Will Tennyson),11154623,482061,1788,89,4.337654441570997,6,15,short,5929106.0,1.8813330373921464,High,67,10,1,0,0,1,0,0,0,0,0,0,0,0,0,0,0,0,0,0,0,0,0,0,0,0
xrY4WbcBED0,19,Jeff Nippard,fitness,Protein Trivia: Are You Smarter Than Random Gym Goers?,1952901,99771,668,30,5.143066648027729,6,15,short,5929106.0,0.329375288618554,Low,54,9,0,0,0,1,0,0,0,0,0,0,0,0,0,0,0,0,0,0,0,0,0,0,0,0
2FTTwnONNzU,19,Jeff Nippard,fitness,Who Gains More Muscle? (Nerd vs Bro),2891914,179351,1042,45,6.237841097626001,3,14,short,5929106.0,0.48774874323380285,Low,36,7,0,0,0,1,0,1,0,0,0,0,0,0,0,0,0,0,0,0,0,0,0,0,0,0
pi0PQZFFo4A,19,Jeff Nippard,fitness,Science-Based Lifting Is Over (My Bad),2617884,107901,5065,1034,4.315164461068558,0,15,long,5929106.0,0.4415309829171548,Low,38,6,0,0,0,0,0,0,0,0,0,0,0,0,0,0,0,0,0,0,0,0,0,0,0,2
jy8L7l-3hRI,19,Jeff Nippard,fitness,"Should You Go ""Pinkies Up"" On Lateral Raises?",1858740,103511,682,49,5.605571516188386,2,15,short,5929106.0,0.31349414228721834,Low,45,8,0,0,0,1,0,0,0,0,0,0,0,0,0,0,0,0,0,0,0,0,0,0,0,0
agPLP9iZnMo,19,Jeff Nippard,fitness,How Much Protein Can You Absorb In One Meal? (New Science),12218039,465910,3151,50,3.8390857976472326,5,15,short,5929106.0,2.0606882386653234,High,58,11,0,0,0,1,0,0,0,0,0,0,0,0,0,0,0,0,0,0,0,0,1,0,0,0
E0ymPCoi2QI,19,Jeff Nippard,fitness,I Wrote A Textbook On Building Muscle (Free Giveaway),669924,41536,16219,52,8.621127172634507,0,16,short,5929106.0,0.11298904084359429,Low,53,9,0,0,0,0,0,0,0,0,0,0,1,0,0,0,0,0,0,0,0,0,0,0,0,0
jf9PBwwNAMs,19,Jeff Nippard,fitness,Best Scientific Leg Workout For 2025,17761708,737203,3732,55,4.171530125368574,1,18,short,5929106.0,2.9956806304356847,High,36,6,1,0,0,0,0,0,0,0,0,0,0,0,1,0,0,0,0,0,0,0,0,0,0,0
OqRvmJ2eyBA,19,Jeff Nippard,fitness,How To Bulk Like A Pro (Using Science),5680050,214280,4601,802,3.853504810697089,6,15,long,5929106.0,0.9579943418113962,Medium,38,8,0,0,0,0,0,0,0,0,0,0,0,0,0,0,0,0,0,0,0,0,1,0,0,2
bvwg4D9UWGI,19,Jeff Nippard,fitness,"Best Push Workout For 2025 (Chest, Shoulders & Triceps)",14571498,535933,2457,50,3.694815728623097,2,18,short,5929106.0,2.457621435676812,High,55,9,1,0,0,0,0,0,0,0,0,0,0,0,1,0,0,0,0,0,0,0,0,0,0,0
IvlVVPAZ3r4,19,Jeff Nippard,fitness,4 Underrated Exercises Most People Skip,7568633,462355,1390,56,6.127196284983034,5,13,short,5929106.0,1.2765217892883007,High,39,6,1,0,0,0,0,0,0,0,0,0,0,0,0,0,0,0,0,0,0,0,0,0,0,0
KV4D8MQrdhw,19,Jeff Nippard,fitness,"Best Pull Workout For 2025 (Back, Biceps, Rear Delts)",13868835,571192,2412,60,4.135920572996938,0,17,short,5929106.0,2.3391106517576175,High,53,9,1,0,0,0,0,0,0,0,0,0,0,0,1,0,0,0,0,0,0,0,0,0,0,0
KmR_AaN7h58,19,Jeff Nippard,fitness,How To Boost Muscle Activation By 25%,2883401,138599,760,49,4.833146690314667,0,15,short,5929106.0,0.4863129449869846,Low,37,7,1,0,0,0,0,0,0,0,0,0,0,0,0,0,0,0,0,0,0,0,1,0,0,0
5YaWrGPtIIE,19,Jeff Nippard,fitness,Everyone Is Still Confused About Triceps Training,14515431,620099,2257,50,4.28754750720113,6,15,short,5929106.0,2.448165203995341,High,49,7,0,0,0,0,0,0,0,0,0,0,0,0,0,0,1,0,0,0,0,0,0,0,0,0
wLZMSqa6wEE,19,Jeff Nippard,fitness,This Is The Best Shoulder Machine,6926444,311365,1418,60,4.515780391785453,3,14,short,5929106.0,1.1682105194273809,High,33,6,0,0,0,0,0,0,0,0,0,0,0,0,1,0,0,0,0,0,0,0,0,0,0,0
AI0x5hVamG4,19,Jeff Nippard,fitness,Did You Know This About Steroids?,11708926,599678,6986,53,5.181209617346629,2,14,short,5929106.0,1.9748214992277082,High,33,6,0,0,0,1,0,0,0,0,0,0,0,0,0,0,0,0,0,0,0,0,0,0,0,0
_GziHDdJY10,19,Jeff Nippard,fitness,Don’t Skip These 3 Biceps Exercises,21452765,695306,2255,46,3.251613486653119,0,18,short,5929106.0,3.618212425279629,Viral,35,6,1,0,0,0,0,0,0,0,0,0,0,0,0,0,0,0,0,0,0,0,0,0,0,0
5ssRFzykAKM,19,Jeff Nippard,fitness,“Science-Based Lifters Are Mediocre”,7886253,472528,6329,60,6.072047143301134,6,14,short,5929106.0,1.3300914168173077,High,36,4,0,0,0,0,0,0,0,0,0,0,0,0,0,0,0,0,0,0,0,0,0,0,0,0
GNO4OtYoCYk,19,Jeff Nippard,fitness,The Best And Worst Biceps Exercises,8463505,219967,6420,983,2.6748610652442455,5,14,long,5929106.0,1.427450445311654,High,35,6,0,0,0,0,0,0,0,0,0,0,0,0,1,1,0,0,0,0,0,0,0,0,0,2
QvKlBefnr8w,19,Jeff Nippard,fitness,These Are The Exercises I Use Partial Reps On,2013123,128893,720,56,6.43840440946728,1,13,short,5929106.0,0.3395323004850984,Low,45,9,0,0,0,0,0,0,0,0,0,0,0,0,0,0,0,0,0,0,0,0,0,0,0,0
OMgyCyT4Zc0,19,Jeff Nippard,fitness,My Own Study Proved Me Wrong?,3092570,172374,1225,52,5.613421846554807,3,14,short,5929106.0,0.5215912820583744,Medium,29,6,0,0,0,1,0,0,0,0,0,0,0,0,0,0,0,0,0,0,0,0,0,0,0,0
KBPBBMgkp1s,19,Jeff Nippard,fitness,I Lost Muscle,19452187,875004,3088,51,4.514104249563301,0,14,short,5929106.0,3.2807959581090302,Viral,13,3,0,0,0,0,0,0,0,0,0,0,0,0,0,0,0,0,0,0,0,0,0,0,0,0
qxl5mL7gzlg,19,Jeff Nippard,fitness,Everyone Thinks I'm Wrong About Training,3306387,152748,8823,783,4.886633052936634,1,14,long,5929106.0,0.5576535484438969,Medium,40,6,0,0,0,0,0,0,0,0,0,0,0,0,0,0,1,0,0,0,0,0,0,0,0,2
3Y2vxKsaK9A,19,Jeff Nippard,fitness,How To Do Cardio (Without Losing Muscle),9439960,434818,3044,54,4.638388298255501,5,13,short,5929106.0,1.5921388485886405,High,40,7,0,0,0,0,0,0,0,0,0,0,0,0,0,0,0,0,0,0,0,0,1,0,0,0
jeZb2gvsahQ,19,Jeff Nippard,fitness,Is One Hard Set All You Need?,14858351,760872,4663,58,5.152220458380611,0,13,short,5929106.0,2.5060019166464556,High,29,7,0,0,0,1,0,0,0,0,0,0,0,0,0,0,0,0,0,0,0,0,0,0,0,0
SgyUoY0IZ7A,19,Jeff Nippard,fitness,The Best And Worst Shoulder Exercises,7384442,190572,4042,799,2.6354597950664385,1,13,long,5929106.0,1.2454562289829192,High,37,6,0,0,0,0,0,0,0,0,0,0,0,0,1,1,0,0,0,0,0,0,0,0,0,2
RQy1JQl5qYc,19,Jeff Nippard,fitness,When To Add More Sets,2049876,141422,558,60,6.926272613562967,3,16,short,5929106.0,0.3457310427575422,Low,21,5,0,0,0,0,0,0,0,0,0,0,0,0,0,0,0,0,0,0,0,0,0,0,0,0
oNJ7QvMH2Iw,19,Jeff Nippard,fitness,IFBB Pro vs Science Lifter: Who’s Stronger,28568713,1318474,6388,60,4.637457767173481,0,17,short,5929106.0,4.818384592888034,Viral,42,7,0,0,0,0,0,1,0,0,0,0,0,0,0,0,0,0,0,0,0,0,0,0,0,0
kr7P4bNdnsw,19,Jeff Nippard,fitness,What Is The Muscle Ladder?,1129000,105671,774,49,9.428255093002658,2,16,short,5929106.0,0.1904165653304225,Low,26,5,0,0,0,1,0,0,0,0,0,0,0,0,0,0,0,0,0,0,0,0,0,0,1,0
nDh_BlnLCGc,19,Jeff Nippard,fitness,How To Leg Press With Perfect Technique,6641128,347610,1690,59,5.259648662094753,3,16,short,5929106.0,1.1200892680953924,High,39,7,0,0,0,0,0,0,0,0,0,0,0,0,0,0,0,0,0,0,0,0,1,0,0,0
SqQxuEpXnF4,19,Jeff Nippard,fitness,Do You Have A Perfect Lat Pulldown? (Find Out),12603163,675453,1166,51,5.368644363323715,1,16,short,5929106.0,2.1256430564742814,High,46,9,0,0,0,1,0,0,0,0,0,0,0,0,0,0,0,0,0,0,0,0,0,0,0,0
aO3YYe1hHgE,19,Jeff Nippard,fitness,The Most Annoying Bench Press Mistakes!,12209779,542693,3405,50,4.47262804674843,1,16,short,5929106.0,2.059295111269726,High,39,6,0,0,0,0,1,0,0,0,0,0,0,0,0,0,0,0,0,0,0,0,0,0,0,0
ztNBgrGy6FQ,19,Jeff Nippard,fitness,A Better Way To Do Leg Extensions,9702307,526479,2190,55,5.448899936891298,6,14,short,5929106.0,1.6363861600720244,High,33,7,0,0,0,0,0,0,0,0,0,0,0,0,0,0,0,0,0,0,0,0,0,0,0,0
FDNmqHuw1hc,19,Jeff Nippard,fitness,Giving $1000 To The Smartest Gym Bro,2756475,204488,867,50,7.449913385755358,1,15,short,5929106.0,0.46490567043328285,Low,36,7,1,1,0,0,0,0,0,0,0,0,0,0,0,0,0,0,0,0,0,0,0,0,0,0
QUest32tbro,19,Jeff Nippard,fitness,THIS Is The Best Nutrition App,3624320,149639,1652,54,4.174327873918418,0,14,short,5929106.0,0.6112759663935845,Medium,30,6,0,0,0,0,0,0,0,0,0,0,0,0,1,0,0,0,0,0,0,0,0,0,0,0
EWC8_vp-bWI,19,Jeff Nippard,fitness,Do Bigger Muscles Equal More Sex?,4269836,142370,9502,952,3.5568579214752036,6,14,long,5929106.0,0.7201483663810362,Medium,33,6,0,0,0,1,0,0,0,0,0,0,0,0,0,0,0,0,0,0,0,0,0,0,0,2
PEiIOW7HGnA,19,Jeff Nippard,fitness,99% Make This Technique Mistake,7516830,459006,1943,45,6.132225951631206,0,15,short,5929106.0,1.2677847216764213,High,31,5,1,0,0,0,0,0,0,0,0,0,0,0,0,0,0,0,0,0,0,0,0,0,0,0
McXybGnPFvg,19,Jeff Nippard,fitness,Cut Your Workouts In Half (Trust Me),19634825,932218,4349,56,4.769927921435511,1,14,short,5929106.0,3.3115995902249007,Viral,36,7,0,0,0,0,0,0,0,0,0,0,0,0,0,0,0,0,0,0,0,0,0,0,0,0
dGGZ5TZMXTE,19,Jeff Nippard,fitness,Asking People EASY Fitness Questions,8355968,586536,1271,55,7.034576963434996,1,13,short,5929106.0,1.409313309628804,High,36,5,0,0,0,0,0,0,0,0,0,0,0,0,0,0,0,0,0,0,0,0,0,0,0,0
k0J8URJfUTg,19,Jeff Nippard,fitness,Everyone Is Confused About Progressive Overload,14814744,756958,1942,50,5.1225994860255435,3,13,short,5929106.0,2.49864718222275,High,47,6,0,0,0,0,0,0,0,0,0,0,0,0,0,0,1,0,0,0,0,0,0,0,0,0
qIF6dliCKC0,19,Jeff Nippard,fitness,The Most Ridiculous Attack On Science-Based Lifters,9512939,536863,3334,51,5.678550025391732,6,13,short,5929106.0,1.604447449581775,High,51,7,0,0,0,0,0,0,0,0,0,0,0,0,0,0,0,0,0,0,0,0,0,0,0,0
xK6DoHBXTdw,19,Jeff Nippard,fitness,This Is Why Your Calves Won’t Grow,33673236,1517324,7477,49,4.528228293829557,4,13,short,5929106.0,5.679310843827046,Viral,34,7,0,0,0,0,0,0,0,0,0,0,0,0,0,0,0,0,0,0,0,0,0,0,0,0
kIXcoivzGf8,19,Jeff Nippard,fitness,The Best & Worst QUAD Exercises (Ranked Using Science),3709998,109946,3521,741,3.0584113522433167,1,14,long,5929106.0,0.6257263742628315,Medium,54,9,0,0,0,0,0,0,0,0,0,0,0,0,1,1,0,0,0,0,0,0,0,0,0,2
lmClPGvdWTI,19,Jeff Nippard,fitness,Steroids Are Awesome,7692143,284046,12974,967,3.861342671346594,0,15,long,5929106.0,1.2973529230207725,High,20,3,0,0,0,0,0,0,0,0,0,0,0,0,0,0,0,0,0,0,0,0,0,0,0,2
VsmSkg2h4d8,19,Jeff Nippard,fitness,Everyone Is Confused About Training To Failure,6665443,363594,1434,51,5.476425197845065,4,14,short,5929106.0,1.1241902236188728,High,46,7,0,0,0,0,0,0,0,0,0,0,0,0,0,0,1,0,0,0,0,0,0,0,0,0
Z-5DtaY53pc,19,Jeff Nippard,fitness,Do Fitness Influencers Actually Know Fitness?,17654301,1015655,1618,57,5.762182258023129,0,15,short,5929106.0,2.9775654204866635,High,45,6,0,0,0,1,0,0,0,0,0,0,0,0,0,0,0,0,0,0,0,0,0,0,0,0
Pf_fz2aQpyg,19,Jeff Nippard,fitness,The Best Way To Do “3 Sets Of 10”,13431201,673595,2747,53,5.035603294150687,1,16,short,5929106.0,2.2652995240766485,High,33,9,1,0,0,0,0,0,0,0,0,0,0,0,1,0,0,0,0,0,0,0,0,0,0,0
OpRMRhr0Ycc,19,Jeff Nippard,fitness,The Best & Worst TRICEPS Exercises (Ranked Using Science),8456741,214588,3668,894,2.58085236381249,4,15,long,5929106.0,1.4263096325145814,High,57,9,0,0,0,0,0,0,0,0,0,0,0,0,1,1,0,0,0,0,0,0,0,0,0,2
pZlr90LUDcU,19,Jeff Nippard,fitness,Top 4 OVERRATED Exercises (Do These Instead!),14000215,588803,2404,60,4.222842292064801,6,15,short,5929106.0,2.361269135684199,High,45,7,1,0,0,0,1,0,0,0,0,0,0,0,0,0,0,0,0,0,0,0,0,0,0,0
HeovYNoZDRg,19,Jeff Nippard,fitness,A Better Way To Do Lateral Raises,17160187,834150,3860,48,4.883454941370976,4,15,short,5929106.0,2.8942284047544438,High,33,7,0,0,0,0,0,0,0,0,0,0,0,0,0,0,0,0,0,0,0,0,0,0,0,0
lPDBUyecfN4,19,Jeff Nippard,fitness,Will Pro Bodybuilders Listen To Science?,17400852,832235,3639,55,4.803638350581914,1,15,short,5929106.0,2.9348188411541303,High,40,6,0,0,0,1,0,0,0,0,0,0,0,0,0,0,0,0,0,0,0,0,0,0,0,0
gunZRs8g6q8,19,Jeff Nippard,fitness,Science Nerd Vs Pro Bodybuilders,3320307,114633,3185,876,3.5484068190080014,6,15,long,5929106.0,0.5600012885585112,Medium,32,5,0,0,0,0,0,1,0,0,0,0,0,0,0,0,0,0,0,0,0,0,0,0,0,2
hnSqbBk15tw,19,Jeff Nippard,fitness,Stop Messing Up Your Lat Pulldowns,14235231,666571,1756,48,4.694879907463392,1,15,short,5929106.0,2.40090681461927,High,34,6,0,0,0,0,0,0,0,0,0,0,0,0,0,0,0,0,0,0,0,0,0,0,0,0
P5CXx_jgTDE,19,Jeff Nippard,fitness,A Better Way To Train Rear Delts,11608977,579609,2819,34,5.017048444492568,0,17,short,5929106.0,1.9579641517625086,High,32,7,0,0,0,0,0,0,0,0,0,0,0,0,0,0,0,0,0,0,0,0,0,0,0,0
sah-sHCZDS0,19,Jeff Nippard,fitness,The BEST Exercises For Bigger Triceps,7015110,366232,1198,58,5.2376940632434845,1,15,short,5929106.0,1.1831648818557132,High,37,6,0,0,0,0,0,0,0,0,0,0,0,0,1,0,0,0,0,0,0,0,0,0,0,0
B_2meD6SSNA,19,Jeff Nippard,fitness,Flat Vs Incline (Which Is Better?),5850707,321901,1595,41,5.529177926701849,3,15,short,5929106.0,0.9867772645656866,Medium,34,6,0,0,0,1,0,1,0,0,0,0,0,0,0,0,0,0,0,0,0,0,0,0,0,0
Lh3iMIcbkBQ,19,Jeff Nippard,fitness,Grow Your Hamstrings 1.5x Faster (New Research),2601540,127953,718,50,4.945955088140102,2,16,short,5929106.0,0.438774412196375,Low,47,7,1,0,0,0,0,0,0,0,0,0,0,0,0,0,0,0,0,0,0,0,0,0,0,0
ZaTM37cfiDs,19,Jeff Nippard,fitness,How To Deadlift With Perfect Technique (Step By Step),12097690,457254,1756,56,3.7941954207786774,6,15,short,5929106.0,2.0403902375838787,High,53,9,0,0,0,0,0,0,0,0,0,0,0,0,0,0,0,0,0,0,0,0,1,0,0,0
j5f_0rNkPwU,19,Jeff Nippard,fitness,Top 4 BICEPS Exercises (Brutal Stretch!),8862720,478973,1628,56,5.422725754621606,0,16,short,5929106.0,1.4947818440081861,High,40,6,1,0,0,0,1,0,0,0,0,0,0,0,0,0,0,0,0,0,0,0,0,0,0,0
fGm-ef-4PVk,19,Jeff Nippard,fitness,The Best And Worst Chest Exercises (Ranked By Science),9090956,229122,4421,904,2.56895974416772,0,18,long,5929106.0,1.533276011594328,High,54,9,0,0,0,0,0,0,0,0,0,0,0,0,1,1,0,0,0,0,0,0,0,0,0,2
f1jxDS-kr1g,19,Jeff Nippard,fitness,3 New Exercises You Should Try,7250346,369171,3971,50,5.146540592683438,6,15,short,5929106.0,1.2228396658788019,High,30,6,1,0,0,0,0,0,0,0,0,0,0,0,0,0,0,0,0,0,0,0,0,0,0,0
PjBdgLNxud0,19,Jeff Nippard,fitness,I Watched Every Sam Sulek Video (A Scientific Analysis),36075619,1642719,11969,52,4.586721020642778,2,17,short,5929106.0,6.0844955377758465,Viral,55,9,0,0,0,0,0,0,0,0,0,0,0,0,0,0,1,0,0,0,0,0,0,0,0,0
ml5uvpfXcLU,19,Jeff Nippard,fitness,The Science Behind Sam Sulek’s Training,5215013,146626,4659,761,2.9009515412521503,2,16,long,5929106.0,0.8795614380987623,Medium,39,6,0,0,0,0,0,0,0,0,0,0,0,0,0,0,0,0,0,0,0,0,0,0,0,2
f_OGBg2KxgY,19,Jeff Nippard,fitness,Stop Messing Up Lateral Raises (Easy Fix),11211851,457936,1499,44,4.09776226958421,0,15,short,5929106.0,1.8909850827426598,High,41,7,0,0,0,0,0,0,0,0,0,0,0,0,0,0,0,0,0,0,0,0,0,0,0,0
fgSyNdEsqlM,19,Jeff Nippard,fitness,A Better Way To Do Rows,4954549,257483,787,44,5.212785260575685,5,15,short,5929106.0,0.8356317124369171,Medium,23,6,0,0,0,0,0,0,0,0,0,0,0,0,0,0,0,0,0,0,0,0,0,0,0,0
hWbUlkb5Ms4,19,Jeff Nippard,fitness,How To Bench Press With Perfect Technique (5 Steps),12211669,559888,1367,51,4.596054806267677,3,16,short,5929106.0,2.0596138777077018,High,51,9,1,0,0,0,0,0,0,0,0,0,0,0,0,0,0,0,0,0,0,0,1,0,0,0
jLvqKgW-_G8,19,Jeff Nippard,fitness,The Best And Worst Back Exercises (Ranked By Science),10760333,275611,5320,736,2.610802100641309,0,16,long,5929106.0,1.814832286688752,High,53,9,0,0,0,0,0,0,0,0,0,0,0,0,1,1,0,0,0,0,0,0,0,0,0,2
0BNhpx_nxDM,19,Jeff Nippard,fitness,The Problem With Ab Workouts,11019950,539550,2889,42,4.922336308240963,5,15,short,5929106.0,1.8586191577617266,High,28,5,0,0,0,0,0,0,0,0,0,0,0,0,0,0,0,0,0,0,0,0,0,0,0,0
60gZOXu5gcQ,19,Jeff Nippard,fitness,Top 4 QUAD Exercises (Brutal Stretch!),6856841,450618,1290,49,6.590615124369954,5,16,short,5929106.0,1.1564713128758366,High,38,6,1,0,0,0,1,0,0,0,0,0,0,0,0,0,0,0,0,0,0,0,0,0,0,0
3TN4otAxzZk,19,Jeff Nippard,fitness,4 Amazing Chest Builders You’re Missing Out On,14045999,670696,1303,59,4.784273443277335,0,15,short,5929106.0,2.3689910418197955,High,46,8,1,0,0,0,0,0,0,0,0,0,0,0,0,0,0,0,0,0,0,0,0,0,0,0
TcbEWOMo5nE,19,Jeff Nippard,fitness,THIS Is Optimal Technique For Muscle Growth,13569827,845675,3895,45,6.260728305526666,3,15,short,5929106.0,2.288680114674961,High,43,7,0,0,0,0,0,0,0,0,0,0,0,0,0,0,0,0,0,0,0,0,0,0,0,0
Tn-XvYG9x7w,19,Jeff Nippard,fitness,Get Abs In 60 Days (Using Science),11418562,329334,5306,570,2.9306667512073763,0,16,medium,5929106.0,1.9258488547851902,High,34,7,1,0,0,0,0,0,0,0,0,0,0,0,0,0,0,0,0,0,1,0,0,0,0,1
PPmvh7gBTi0,19,Jeff Nippard,fitness,Do You Have A Perfect Squat? (Find Out),14053972,626352,1687,53,4.468765129174869,5,15,short,5929106.0,2.370335763941478,High,39,8,0,0,0,1,0,0,0,0,0,0,0,0,0,0,0,0,0,0,0,0,0,0,0,0
i0RHcN9teWA,19,Jeff Nippard,fitness,Why Natty Or Not Videos Suck 👎,1368264,35750,810,23,2.6719989709588208,0,17,short,5929106.0,0.2307707097832287,Low,30,7,0,0,0,0,0,0,0,0,0,0,0,0,0,0,0,0,0,0,0,0,0,1,0,0
An0yx-10fes,19,Jeff Nippard,fitness,The Best Pre & Post-Workout Meals (According To Science),14924134,734294,2445,43,4.93656114317923,5,15,short,5929106.0,2.517096843942409,High,56,9,0,0,0,0,0,0,0,0,0,0,0,0,1,0,0,0,0,0,0,0,0,0,0,0
zyFPuSyLaZI,19,Jeff Nippard,fitness,52 Sets: What’s All The Hype About?,3026846,162779,1958,60,5.442529947014153,5,15,short,5929106.0,0.5105063056723897,Medium,35,7,1,0,0,1,0,0,0,0,0,0,0,0,0,0,0,0,0,0,0,0,0,0,0,0
EEOjsbQ5wYE,19,Jeff Nippard,fitness,OVERRATED: The Worst Fitness Advice Ever,5922241,187342,6423,854,3.2718188942327746,5,15,long,5929106.0,0.9988421525943372,Medium,40,6,0,0,0,0,0,0,0,0,0,0,0,0,0,1,0,0,0,0,0,0,0,0,0,2
lf8cleyFDYM,19,Jeff Nippard,fitness,4 Amazing Lat Exercises You’re Missing Out On,16539351,892357,1816,60,5.406336681530006,3,17,short,5929106.0,2.7895185210046844,High,45,8,1,0,0,0,0,0,0,0,0,0,0,0,0,0,0,0,0,0,0,0,0,0,0,0
21lYP86dHW4,19,Jeff Nippard,fitness,Top 3 Shoulder Exercises For 3D Delts,7982775,233249,3880,672,2.970508375846745,3,17,long,5929106.0,1.3463707682068764,High,37,7,1,0,0,0,0,0,0,0,0,0,0,0,0,0,0,0,0,0,0,0,0,0,0,2
z-qyyD726o4,19,Jeff Nippard,fitness,Is Sam Sulek’s Training Dumb?,10893896,514128,3413,52,4.750742984878872,0,14,short,5929106.0,1.8373589542841704,High,29,5,0,0,0,1,0,0,0,0,0,0,0,0,0,0,0,0,0,0,0,0,0,0,0,0
ftpH4-xFGQI,19,Jeff Nippard,fitness,The World's Smartest Muscle Building Technique,2909086,67313,2056,686,2.3845633989507355,3,16,long,5929106.0,0.4906449640131244,Low,46,6,0,0,0,0,0,0,0,0,0,0,0,0,0,0,0,0,0,0,0,0,0,0,0,2
czkGj5vJEFQ,19,Jeff Nippard,fitness,My New Science-Based Full Body Workout For Pure Bodybuilding,8982770,400490,1161,35,4.47134903821427,5,15,short,5929106.0,1.515029415901824,High,60,9,0,0,0,0,0,0,0,0,0,0,0,0,0,0,0,0,0,0,0,0,0,0,0,0
71op1DQ2gyo,19,Jeff Nippard,fitness,How To Train For Pure Muscle Growth,3147359,97820,1926,872,3.169196777361591,6,16,long,5929106.0,0.5308319669103572,Medium,35,7,0,0,0,0,0,0,0,0,0,0,0,0,0,0,0,0,0,0,0,0,1,0,0,2
qg3B1Uu6dto,19,Jeff Nippard,fitness,How To Force New Chest Growth (Using Integrated Partials),5112827,323658,1362,45,6.3569528169054035,2,14,short,5929106.0,0.8623267993522127,Medium,57,9,0,0,0,0,0,0,0,0,0,0,0,0,0,0,0,0,0,0,0,0,1,0,0,0
T0ySHTwFGzc,19,Jeff Nippard,fitness,How Much Protein Do You Need For Muscle Growth?,9848454,458900,2897,57,4.68903037979362,1,15,short,5929106.0,1.661035238702091,High,47,9,0,0,0,1,0,0,0,0,0,0,0,0,0,0,0,0,0,0,0,0,1,0,0,0
s0ucinlkWQ0,19,Jeff Nippard,fitness,OVERRATED: Explaining Controversial Fitness Topics,2254535,85530,2526,798,3.9057277886570847,3,15,long,5929106.0,0.3802487255245563,Low,50,5,0,0,0,0,0,0,0,0,0,0,0,0,0,0,0,0,0,0,0,0,0,0,0,2
CywhB_MNJ6o,19,Jeff Nippard,fitness,The Worst Triceps Mistake Everyone Is Making,12762521,603036,2609,57,4.745496598986987,0,16,short,5929106.0,2.1525202956398486,High,44,7,0,0,0,0,0,0,0,0,0,0,0,0,0,1,1,0,0,0,0,0,0,0,0,0
iOITeorSh8I,19,Jeff Nippard,fitness,The 6-12 Hypertrophy Rep Range Is A Myth,7186456,335091,1796,53,4.687804392039693,1,15,short,5929106.0,1.2120640109992973,High,40,8,1,0,0,0,0,0,0,0,0,0,0,0,0,0,0,0,0,0,0,0,0,0,0,0
QpwaI20pm4U,19,Jeff Nippard,fitness,Does Creatine Cause Hair Loss? (Science Explained),2756040,125602,2035,54,4.631173713008519,2,15,short,5929106.0,0.4648323035547012,Low,50,7,0,0,0,1,0,0,0,0,0,0,0,0,0,0,0,0,0,0,0,0,0,0,0,0
Z9mlsyV7Hek,19,Jeff Nippard,fitness,Creatine: Everything You Need To Know,30495033,1156631,8512,60,3.8207632042896957,0,15,short,5929106.0,5.143276743576519,Viral,37,6,0,0,0,0,0,0,0,0,0,0,0,0,0,0,1,0,0,0,0,0,0,0,0,0
8zWDuWKdBZU,19,Jeff Nippard,fitness,The Perfect Leg Day (According To Science),2748851,63299,1045,471,2.3407598301981447,0,17,medium,5929106.0,0.4636198104739568,Low,42,7,0,0,0,0,0,0,0,0,0,0,0,0,0,0,0,0,0,0,1,0,0,0,0,1
VD9p9tEP9RE,19,Jeff Nippard,fitness,How Much Muscle Can You Build With & Without Steroids?,5293933,161457,9030,827,3.2204223211740683,0,15,long,5929106.0,0.8928720451278827,Medium,54,10,0,0,0,1,0,0,0,0,0,0,0,0,0,0,0,0,0,0,0,0,1,0,0,2
DXL18E7QRbk,19,Jeff Nippard,fitness,The Perfect Pull Workout (According To Science),4072815,79184,1093,498,1.9710445969188386,0,15,medium,5929106.0,0.6869189048062221,Medium,47,7,0,0,0,0,0,0,0,0,0,0,0,0,0,0,0,0,0,0,0,0,0,0,0,1
b6ouj88iBZs,19,Jeff Nippard,fitness,The Perfect Push Workout (According To Science),3751593,85810,1056,625,2.315443066452038,0,15,long,5929106.0,0.6327417657906605,Medium,47,7,0,0,0,0,0,0,0,0,0,0,0,0,0,0,0,0,0,0,0,0,0,0,0,2
g9QGQJ1ypp0,19,Jeff Nippard,fitness,"How To Increase Your Metabolism (Eat More, Lose More)",5682889,153483,3049,868,2.7544440864496913,6,17,long,5929106.0,0.9584731661063236,Medium,53,9,0,0,0,0,0,0,0,0,0,0,0,0,0,0,0,0,0,0,0,0,1,0,0,2
1pB-lkdoEnI,19,Jeff Nippard,fitness,Training Legs with Dr. Layne Norton,751044,20073,638,1107,2.7576280484232614,1,15,long,5929106.0,0.126670698752898,Low,35,6,0,0,0,0,0,0,0,0,0,0,0,0,0,0,0,0,0,0,0,0,0,0,0,2
l7jIU_73ZaM,19,Jeff Nippard,fitness,The Worst Nutrition Mistakes Every Lifter Makes,3908068,106169,2318,701,2.775975238916007,0,15,long,5929106.0,0.6591327596436967,Medium,47,7,0,0,0,0,0,0,0,0,0,0,0,0,0,1,1,0,0,0,0,0,0,0,0,2
H6mRkx1x77k,19,Jeff Nippard,fitness,The Ultimate Science-Based Leg Day For Muscle Growth (2023),5179026,114323,1516,680,2.2366946989646315,1,16,long,5929106.0,0.8734918889964187,Medium,59,9,1,0,0,0,0,0,0,0,0,0,0,0,0,0,0,0,0,0,1,0,0,0,0,2
spKGN0XzErU,19,Jeff Nippard,fitness,"The Ultimate PULL Workout For Muscle Growth [Back, Biceps, Rear Delts] (2023)",3165442,68536,932,702,2.194575038809746,6,16,long,5929106.0,0.5338818364859728,Medium,77,12,1,0,0,0,0,0,0,0,0,0,0,0,0,0,0,0,0,0,0,0,0,0,0,2
roHQ3F7d9YQ,19,Jeff Nippard,fitness,How To Get Lean & STAY Lean Forever (Using Science),8645685,235334,4801,882,2.7775127129891963,0,15,long,5929106.0,1.45817683138065,High,51,10,0,0,0,0,0,0,0,0,0,0,0,0,0,0,0,0,0,0,0,0,1,0,0,2
c3pbe3qzatQ,19,Jeff Nippard,fitness,"The Ultimate Push Workout For Muscle Growth [Chest, Shoulders, Triceps] (2023)",3417101,78283,1533,796,2.335781119726926,0,17,long,5929106.0,0.5763265153296298,Medium,78,11,1,0,0,0,0,0,0,0,0,0,0,0,0,0,0,0,0,0,0,0,0,0,0,2
eMjyvIQbn9M,19,Jeff Nippard,fitness,The Best Science-Based Minimalist Workout Plan (Under 45 Mins),5531320,143130,2274,788,2.628739613690765,1,16,long,5929106.0,0.9329096157160962,Medium,62,9,1,0,0,0,0,0,0,0,0,0,0,0,1,0,0,0,0,0,0,0,0,0,0,2
xc4OtzAnVMI,19,Jeff Nippard,fitness,How To Train Like A Minimalist (More Gains In Less Time),3414230,125294,2810,794,3.7520612261036894,6,16,long,5929106.0,0.5758422939309906,Medium,56,11,0,0,0,0,0,0,0,0,0,0,0,0,0,0,0,0,0,0,0,0,1,0,0,2
larBqTjA7-g,19,Jeff Nippard,fitness,The Ugly Truth About Getting Shredded (Science Explained),2785693,76190,2666,617,2.8307498349602773,2,15,long,5929106.0,0.4698335634410989,Low,57,8,0,0,0,0,0,0,0,0,0,0,0,0,0,0,0,0,0,0,0,0,0,0,0,2
unowqBYbWeg,19,Jeff Nippard,fitness,The Worst Supplements Everyone Takes For Muscle Growth (Science Explained),2488501,60527,2620,713,2.5375517229046722,2,15,long,5929106.0,0.4197093119940848,Low,74,10,0,0,0,0,0,0,0,0,0,0,0,0,0,1,1,0,0,0,0,0,0,0,0,2
NsEbXsTwas8,19,Jeff Nippard,fitness,The Best & Worst Chest Exercises To Build Muscle (Ranked!),3837379,83928,1940,842,2.237673161811747,6,14,long,5929106.0,0.6472103888849348,Medium,58,10,0,0,0,0,1,0,0,0,0,0,0,0,1,1,0,0,0,0,0,0,0,0,0,2
keBZfGAmq2Q,19,Jeff Nippard,fitness,Is Being Fat A Choice? (My Response),1848393,88493,6767,684,5.153665914121077,1,16,long,5929106.0,0.31174902253391995,Low,36,7,0,0,0,1,0,0,0,0,0,0,0,0,0,0,0,0,0,0,0,0,0,0,0,2
EbfdMaV7qqM,19,Jeff Nippard,fitness,How To Make Gains At Every Fitness Level (ft. Picture Fit),1195921,54707,1052,679,4.662431715807315,6,15,long,5929106.0,0.20170342712712508,Low,58,11,0,0,0,0,0,0,0,0,0,0,0,0,0,0,1,0,0,0,0,0,1,0,0,2
yRYkhPBljYk,19,Jeff Nippard,fitness,Is The Sumo Deadlift Cheating? (Response To CBum),1914852,85211,6625,636,4.795984232723991,0,15,long,5929106.0,0.32295796364578405,Low,49,8,0,0,0,1,0,0,0,0,0,0,0,0,0,0,0,0,0,0,0,0,0,0,0,2
Pok0Jg2JAkE,19,Jeff Nippard,fitness,The Smartest Way To Use Protein To Build Muscle (Science Explained),10524927,328244,5429,620,3.1703117750840457,3,14,long,5929106.0,1.7751288305521946,High,67,11,0,0,0,0,0,0,0,0,0,0,0,0,0,0,0,0,0,0,0,0,0,0,0,2
LT_aBQatj5s,19,Jeff Nippard,fitness,When And How To Deload (Science Explained),1290022,48423,1326,498,3.8564458590628687,3,15,medium,5929106.0,0.21757445388900115,Low,42,7,0,0,0,0,0,0,0,0,0,0,0,0,0,0,0,0,0,0,0,0,0,0,0,1
ekQxEEjYLDI,19,Jeff Nippard,fitness,Junk Volume: Why You Must Avoid It For Max Muscle,3621760,98471,3097,595,2.8043823997172646,0,16,medium,5929106.0,0.6108441980966439,Medium,49,10,0,0,0,0,0,0,0,0,0,0,0,0,0,0,0,0,0,0,0,0,0,0,0,1
s_lcSDTnZG0,19,Jeff Nippard,fitness,Turkesterone Explained: What's All The Hype About?,3672666,79361,3824,583,2.2649759057861507,4,16,medium,5929106.0,0.6194299781451031,Medium,50,7,0,0,0,1,0,0,0,0,0,0,0,0,0,0,0,0,0,0,0,0,0,0,0,1
ZE35M3OgmRM,19,Jeff Nippard,fitness,What I Eat In A Day Explained,1196527,32080,1315,1043,2.7909942692475807,3,15,long,5929106.0,0.20180563477866648,Low,29,7,0,0,0,0,0,0,0,0,0,0,0,0,0,0,0,0,0,0,1,0,0,0,1,2
Nxc5xt5CWgI,19,Jeff Nippard,fitness,"I Quizzed 100,000 People On Fitness: Are You Smarter Than Average?",1075723,32009,1207,1305,3.087783751021406,3,15,long,5929106.0,0.18143089362882026,Low,66,11,1,0,0,1,0,0,0,0,0,0,0,0,0,0,0,0,0,0,0,0,0,0,0,2
LrDJXIQ_-eg,19,Jeff Nippard,fitness,How Strong Should You Be? (Noob To Freak),6426930,146456,9195,840,2.4218561583835516,1,16,long,5929106.0,1.0839627424438019,High,41,8,0,0,0,1,0,0,0,0,0,0,0,0,0,0,0,0,0,0,0,0,1,0,0,2
PM8kiHcAD7Q,19,Jeff Nippard,fitness,"What To Eat Before, During & After Training For Max Muscle Growth",3840797,112244,2329,808,2.9830527361899106,3,14,long,5929106.0,0.6477868670251468,Medium,65,12,0,0,0,0,0,0,0,0,0,0,0,0,0,0,0,0,0,0,0,0,0,0,1,2
crPb62o-z_E,19,Jeff Nippard,fitness,The Worst Cardio Mistakes Everyone Makes For Fat Loss (Avoid These),7241614,169803,4591,807,2.408220045973177,3,14,long,5929106.0,1.2213669312034563,High,67,11,0,0,0,0,0,0,0,0,0,0,0,0,0,1,1,0,0,0,0,0,0,0,0,2
J9ZBRuY43xs,19,Jeff Nippard,fitness,John Meadows: Bigger Than Bodybuilding 🕊️,524717,47096,2350,498,9.42336535694479,1,13,medium,5929106.0,0.0884985021350605,Low,41,6,0,0,0,0,0,0,0,0,0,0,0,0,0,0,0,0,0,0,0,0,0,0,0,1
lu_BObG6dj8,19,Jeff Nippard,fitness,How To Build Muscle (Explained In 5 Levels),9295109,273414,7621,1315,3.023471806516739,3,15,long,5929106.0,1.5677083526589,High,43,8,1,0,0,0,0,0,0,0,0,0,0,0,0,0,0,0,0,0,0,0,1,0,0,2
qVek72z3F1U,19,Jeff Nippard,fitness,The Smartest Push Pull Legs Routine (Fully Explained),9787899,217275,4710,1145,2.267953520975237,0,14,long,5929106.0,1.650822063225046,High,53,8,0,0,0,0,0,0,0,0,0,0,0,0,0,0,0,0,0,0,0,0,0,0,0,2
8HVdLMnr40M,19,Jeff Nippard,fitness,Refeeds & Diet Breaks: The Most Misunderstood Fat Loss Tools,2244391,67173,1953,839,3.0799446264042225,4,16,long,5929106.0,0.37853784364792936,Low,60,10,0,0,0,0,0,0,0,0,0,0,0,0,0,0,0,0,0,0,0,0,0,0,0,2
EHsW37g2uGU,19,Jeff Nippard,fitness,What Does RPE 10 Really Look Like?,321499,14048,1089,608,4.708257257409821,2,13,long,5929106.0,0.05422385769456643,Low,34,7,1,0,0,1,0,0,0,0,0,0,0,0,0,0,0,0,0,0,0,0,0,0,1,2
deDlhPmT2SY,19,Jeff Nippard,fitness,How To Tell If You're Training Hard Enough (Using Science),4109332,104880,3597,1082,2.639772108946174,0,15,long,5929106.0,0.6930778434387916,Medium,58,10,0,0,0,0,0,0,0,0,0,0,0,0,0,0,0,0,0,0,0,0,1,0,0,2
KG4Lwg4eSjg,20,ATHLEAN-X™,fitness,Build Muscle With Pull Ups!,428361,7479,86,19,1.766033789257192,4,20,short,415314.5,1.0314135432304916,High,27,5,0,0,0,0,1,0,0,0,0,0,0,0,0,0,0,0,0,0,0,0,0,0,0,0
_M0mJjxDI68,20,ATHLEAN-X™,fitness,1-2 Inches Is All You Need for a Better Bench Press,371511,11651,163,54,3.1799865952825086,4,19,short,415314.5,0.8945293265705868,Medium,51,11,1,0,0,0,0,0,0,0,0,0,0,0,0,0,0,0,0,0,0,0,0,0,0,0
4hHtTUop5JU,20,ATHLEAN-X™,fitness,The Most EFFECTIVE Way to Get Abs in 2026,4107216,12350,423,460,0.3109892442958929,6,19,medium,415314.5,9.889411518259054,Viral,41,9,1,0,0,0,0,0,0,0,0,0,0,0,0,0,0,0,0,0,0,0,0,0,0,1
7DBfO_hzDVc,20,ATHLEAN-X™,fitness,The Fastest Way to Get GREAT at Pullups (GUARANTEED!),165073,9024,264,387,5.626601564156465,0,16,medium,415314.5,0.3974650535919165,Low,53,9,0,0,0,0,1,0,0,0,0,0,0,0,0,0,0,0,0,0,0,0,0,0,0,1
_p4yucKcE2M,20,ATHLEAN-X™,fitness,Body Transformation Timelapse (AI or NOT?),134959,3626,170,96,2.8127060811061138,4,17,short,415314.5,0.32495614769048514,Low,42,6,0,0,0,1,0,0,0,0,0,0,0,0,0,0,0,0,0,0,0,0,0,0,0,0
qBpNeNljzM8,20,ATHLEAN-X™,fitness,Do These 5 Exercises Every Day Before It’s Too Late,470530,24624,590,400,5.358638131468769,6,18,medium,415314.5,1.1329486449425676,High,51,10,1,0,0,0,0,0,0,0,0,0,0,0,0,0,1,0,0,0,1,0,0,0,0,1
lJteNTQC51A,20,ATHLEAN-X™,fitness,Arm Workout at Gold’s Gym Venice (ATHLEAN X | Andrew Huberman),626778,4111,216,1276,0.6903560750377327,3,18,long,415314.5,1.5091647414188525,High,62,11,0,0,0,0,0,0,0,0,0,0,0,0,0,0,0,0,0,0,0,0,0,0,0,2
sHSY0Ao8QHs,20,ATHLEAN-X™,fitness,The RIGHT Way To  Do Face Pulls (Feat. Andrew Huberman),307056,5443,122,56,1.8123729873378145,2,15,short,415314.5,0.7393336856767582,Medium,55,10,0,0,0,0,0,0,0,0,0,0,0,0,0,0,0,0,0,0,0,0,0,0,0,0
71VE3ssaJuQ,20,ATHLEAN-X™,fitness,How To ACTUALLY Do Lunges (Feat. The “Rock”),477355,7198,123,44,1.5336594358496298,3,15,short,415314.5,1.1493819743832685,High,44,8,0,0,0,0,0,0,0,0,0,0,0,0,0,0,0,0,0,0,0,0,1,0,0,0
hrJU4EFsDF8,20,ATHLEAN-X™,fitness,Fix Rhomboid Pain Now (Shoulder Blade Knots!),758592,6290,178,377,0.8526322450012656,0,16,medium,415314.5,1.826548314590509,High,45,7,0,0,0,0,1,0,0,0,0,0,0,0,0,0,0,0,0,0,0,0,0,0,0,1
7MMFDT2tR0A,20,ATHLEAN-X™,fitness,ATHLEAN-X ™ | Andrew Huberman Training Live,481928,6391,148,28,1.3568416858949885,5,21,short,415314.5,1.1603929070619976,High,43,7,0,0,0,0,0,0,0,0,0,0,0,0,0,0,0,0,0,0,0,0,0,0,0,0
LmEWj_PPRsk,20,ATHLEAN-X™,fitness,If You Can’t Do This Your Shoulders Are Screwed,493948,18758,131,53,3.8240867459732604,2,20,short,415314.5,1.189334829388331,High,47,9,0,0,0,0,0,0,0,0,0,0,0,0,0,0,0,0,0,0,0,0,0,0,0,0
QPtmGRsWMo4,20,ATHLEAN-X™,fitness,The BEST and WORST Cardio for Fat Loss (SURPRISE!),211454,6754,519,602,3.4395187605814974,0,17,long,415314.5,0.5091418671873965,Medium,50,9,0,0,0,0,1,0,0,0,0,0,0,0,1,1,0,0,0,0,0,0,0,0,0,2
Ms4KcMab-DU,20,ATHLEAN-X™,fitness,How To ACTUALLY Develop Your Biceps,1586412,29313,319,58,1.8678628250416662,3,16,short,415314.5,3.819784765521069,Viral,35,6,0,0,0,0,0,0,0,0,0,0,0,0,0,0,0,0,0,0,0,0,1,0,0,0
Bi-BU8TBidc,20,ATHLEAN-X™,fitness,The BEST Back Exercise You HAVEN’T Tried,142530,2383,39,22,1.6992913772539113,1,18,short,415314.5,0.3431857062539353,Low,40,7,0,0,0,0,0,0,0,0,0,0,0,0,1,0,0,0,0,0,0,0,0,0,0,0
1uu4E8xtY7M,20,ATHLEAN-X™,fitness,"Can't Lose Your ""Love Handles""? (THIS ALWAYS WORKS)",263870,8507,371,657,3.3645355667563575,6,15,long,415314.5,0.6353498372919799,Medium,51,8,0,0,0,1,0,0,0,0,0,0,0,0,0,0,0,0,0,0,0,0,0,0,0,2
JCIL4Oe0_lY,20,ATHLEAN-X™,fitness,The ONLY Forearm Exercise You Need…,332974,4880,88,19,1.4920083850390722,3,16,short,415314.5,0.801739404716185,Medium,35,6,0,0,0,0,0,0,0,0,0,0,0,0,0,0,0,0,1,0,0,0,0,0,0,0
vNYBlnfA9dU,20,ATHLEAN-X™,fitness,The BEST Meal Plan to Lose Fat Faster (EAT THIS WAY!),544922,16307,874,1244,3.1529283090056923,6,17,long,415314.5,1.3120707319392895,High,53,11,0,0,0,0,1,0,0,0,0,0,0,0,1,0,0,0,0,0,0,0,0,0,0,2
QtVvhEeHKcI,20,ATHLEAN-X™,fitness,"How to Lose Stubborn Belly Fat Much Faster (NO, SERIOUSLY!)",902437,12296,577,744,1.4264707674884785,6,15,long,415314.5,2.1729002960407113,High,59,10,0,0,0,0,1,0,0,0,0,0,0,0,0,0,0,0,0,0,0,0,1,0,0,2
--xpa4zE0TQ,20,ATHLEAN-X™,fitness,How to Make Pullups MUCH Easier,539594,13195,285,74,2.4981745534605646,2,15,short,415314.5,1.299241899813274,High,31,6,0,0,0,0,0,0,0,0,0,0,0,0,0,0,0,0,0,0,0,0,1,0,0,0
EO9Z1PezSxE,20,ATHLEAN-X™,fitness,The #1 Workout To Grow WIDER Shoulders Fast!,376196,12755,296,406,3.4692022243724017,6,17,medium,415314.5,0.905809934399112,Medium,44,8,1,0,0,0,1,0,0,0,0,0,0,0,0,0,0,0,0,0,0,0,0,0,0,1
HGPSVvfJWOk,20,ATHLEAN-X™,fitness,7 Exercises You MUST Pass (Or You’re Aging Too Fast),631155,20079,1236,833,3.3771419065047414,0,16,long,415314.5,1.5197037425854383,High,52,10,1,0,0,0,0,0,0,0,0,0,0,0,0,0,0,0,0,0,0,0,0,0,0,2
wHag9mrGXTQ,20,ATHLEAN-X™,fitness,STOP Doing Barbell Rows Like This!,373899,6887,96,36,1.8676166558348646,1,16,short,415314.5,0.9002791860144541,Medium,34,6,0,0,0,0,1,0,0,0,0,0,0,0,0,0,0,0,0,0,0,0,0,0,0,0
x4Oht5bztsk,20,ATHLEAN-X™,fitness,How Good is Your Mobility REALLY?,281840,9135,129,76,3.2869713312517743,3,16,short,415314.5,0.6786182519512322,Medium,33,6,0,0,0,1,0,0,0,0,0,0,0,0,0,0,0,0,0,0,0,0,1,0,0,0
H6jCT8IkZpA,20,ATHLEAN-X™,fitness,Do This DAILY for A Flatter Stomach (GUARANTEED),783959,25867,650,456,3.382447296350957,6,18,medium,415314.5,1.8876273282054925,High,48,8,0,0,0,0,0,0,0,0,0,0,0,0,0,0,0,0,0,0,0,0,0,0,0,1
PiyccZSkU2o,20,ATHLEAN-X™,fitness,Do This Exercise EVERY Day to Build Muscle (SKINNY GUYS!),430350,13693,589,670,3.3186940862088994,0,16,long,415314.5,1.0362026849532102,High,57,10,0,0,0,0,1,0,0,0,0,0,0,0,0,0,1,0,0,0,1,0,0,0,0,2
R8X-gXpe9C0,20,ATHLEAN-X™,fitness,The BEST Workout for Beginners,251323,9480,83,107,3.80506360341075,4,18,short,415314.5,0.6051389970733023,Medium,30,5,0,0,0,0,0,0,0,0,0,0,0,0,1,0,0,0,0,0,0,0,0,0,0,0
kHXBL5BTIus,20,ATHLEAN-X™,fitness,The 10 Most EFFECTIVE Bodyweight Exercises for Building Muscle,346150,12961,277,726,3.8243536039289325,6,19,long,415314.5,0.8334647598386283,Medium,62,9,1,0,0,0,0,0,0,0,0,0,0,0,0,0,0,0,0,0,0,0,0,0,0,2
2rWlgFDpebY,20,ATHLEAN-X™,fitness,How to Fix Tight Shoulders in 60 Seconds,242586,6929,113,62,2.902888047950005,4,18,short,415314.5,0.5841019275753676,Medium,40,8,1,0,0,0,0,0,0,0,0,0,0,0,0,0,0,0,0,0,0,0,1,0,0,0
OcJ_BRphhl4,20,ATHLEAN-X™,fitness,The Biggest Workout Mistake (MEN vs WOMEN),128653,2636,96,47,2.12354161970572,1,16,short,415314.5,0.30977247363142874,Low,42,7,0,0,0,0,0,1,0,0,0,0,0,0,0,0,0,0,0,0,0,0,0,0,0,0
crcHvDs-YoU,20,ATHLEAN-X™,fitness,7 Minute Home Ab Workout (#1 RANKED),280125,11246,115,81,4.055689424364123,6,18,short,415314.5,0.674488851219979,Medium,36,7,1,0,0,0,0,0,0,0,0,0,0,0,0,0,0,0,0,0,0,0,0,0,0,0
ILlTcna0hpE,20,ATHLEAN-X™,fitness,The Chest & Back Workout That SLAYS You in Just 30 Minutes!,120945,4486,127,687,3.814130389846625,0,18,long,415314.5,0.29121304457224584,Low,59,12,1,0,0,0,1,0,0,0,0,0,0,0,0,0,0,0,0,0,0,0,0,0,0,2
9LnuSq9D49w,20,ATHLEAN-X™,fitness,STOP Doing This Triceps Exercise Like This!,297625,4715,107,15,1.620159596808064,4,21,short,415314.5,0.7166255933756226,Medium,43,7,0,0,0,0,1,0,0,0,0,0,0,0,0,0,0,0,0,0,0,0,0,0,0,0
7Zwq8C3cfyk,20,ATHLEAN-X™,fitness,The ONLY 10 Exercises You Ever Need (DORIAN YATES),246243,6276,455,901,2.7334787181767606,0,17,long,415314.5,0.5929073027789783,Medium,50,9,1,0,0,0,0,0,0,0,0,0,0,0,0,0,0,0,1,0,0,0,0,0,0,2
F8iAB5raMO8,20,ATHLEAN-X™,fitness,How Fit Are You REALLY? (7 Tests),1838646,76802,1629,119,4.265693341730817,3,16,short,415314.5,4.427117281000302,Viral,33,7,1,0,0,1,0,0,0,0,0,0,0,0,0,0,0,0,0,0,0,0,1,0,0,0
DUyMIsbhXXs,20,ATHLEAN-X™,fitness,The 8 Worst Exercises Ever (PLEASE STOP!),382448,13691,626,742,3.743515458310672,6,17,long,415314.5,0.9208635865109454,Medium,41,7,1,0,0,0,1,0,0,0,0,0,0,0,0,1,0,0,0,0,0,0,0,0,0,2
egxa3qaYwNA,20,ATHLEAN-X™,fitness,Stop Shoulder Pressing Like This!,336766,4799,139,25,1.4663000421657768,0,19,short,415314.5,0.8108698347878536,Medium,33,5,0,0,0,0,1,0,0,0,0,0,0,0,0,0,0,0,0,0,0,0,0,0,0,0
Z9coUrfcI0s,20,ATHLEAN-X™,fitness,Mike Mentzer’s Greatest Shoulder Exercise,238046,5110,130,39,2.201255219579409,3,20,short,415314.5,0.5731704527532749,Medium,41,5,0,0,0,0,0,0,0,0,0,0,0,0,0,0,0,0,0,0,0,0,0,0,0,0
5c1R1zPceyM,20,ATHLEAN-X™,fitness,9 Minute Daily Ab Workout That Flat Out Works! (FOLLOW ALONG),217144,8629,274,625,4.10004421029363,6,19,long,415314.5,0.5228423279225743,Medium,61,11,1,0,0,0,1,0,0,0,0,0,0,0,0,0,0,0,0,0,0,0,0,0,0,2
_TnNZcqurCw,20,ATHLEAN-X™,fitness,There's Intensity...Then There's I-N-T-E-N-S-I-T-Y!!,120223,2840,189,36,2.519484624406312,3,19,short,415314.5,0.2894746029815959,Low,52,4,0,0,0,0,1,0,0,0,0,0,0,0,0,0,0,0,0,0,0,0,0,0,0,0
wAM5GMfrBSo,20,ATHLEAN-X™,fitness,The Two Supplements EVERYONE Should Be Taking,712140,11096,376,45,1.6109192012806468,4,20,short,415314.5,1.714700546212569,High,45,7,0,0,0,0,0,0,0,0,0,0,0,0,0,0,1,0,0,0,0,0,0,0,0,0
YRu4bS1CzVs,20,ATHLEAN-X™,fitness,Mike Mentzer’s Greatest Biceps Exercise Ever,572047,9883,238,42,1.76926021812893,3,19,short,415314.5,1.3773826822805368,High,44,6,0,0,0,0,0,0,0,0,0,0,0,0,0,0,0,0,0,0,0,0,0,0,0,0
Aabfoy8HbIc,20,ATHLEAN-X™,fitness,How to Get a Chiseled Lower Chest (No Bullsh*t Guide!),281825,8573,423,1319,3.1920518051982616,1,18,long,415314.5,0.6785821347436701,Medium,54,10,0,0,0,0,1,0,0,0,0,0,0,0,0,0,0,0,0,0,0,0,1,0,0,2
MbmBCj711U8,20,ATHLEAN-X™,fitness,Sitting is the New Smoking,117217,4012,150,65,3.550679508944948,3,21,short,415314.5,0.28223671458617505,Low,26,5,0,0,0,0,0,0,0,0,0,0,0,0,0,0,0,0,0,0,0,0,0,0,0,0
Ag7Dui9Plys,20,ATHLEAN-X™,fitness,The Most EFFECTIVE Total Body Workout (HIT EVERY MUSCLE),369316,12731,639,800,3.6202060024477687,0,19,long,415314.5,0.8892441751973504,Medium,56,9,0,0,0,0,0,0,0,0,0,0,0,0,0,0,1,0,0,0,0,0,0,0,0,2
SPC37KpFpTU,20,ATHLEAN-X™,fitness,The ONLY 2 Exercises You Need for a Chiseled Chest,559785,22392,185,79,4.0331555865198245,2,18,short,415314.5,1.3478580690055368,High,50,10,1,0,0,0,0,0,0,0,0,0,0,0,0,0,0,0,1,0,0,0,0,0,0,0
gLz05PhtlPg,20,ATHLEAN-X™,fitness,The 10 Best Exercises You DIDN’T Do Last Year! (BUT NEED TO),259809,10615,312,906,4.205781939809629,6,19,long,415314.5,0.6255717052980332,Medium,60,12,1,0,0,0,1,0,0,0,1,0,0,0,1,0,0,0,0,0,0,0,0,0,0,2
-iV1hh4vPEc,20,ATHLEAN-X™,fitness,This Morning Stretch Unlocks Everything (FEEL AMAZING!),344013,10103,118,52,2.9711086499638095,2,20,short,415314.5,0.8283192616679649,Medium,55,7,0,0,0,0,1,0,0,0,0,0,0,0,0,0,1,0,0,0,0,0,0,0,0,0
mCahca4wK-4,20,ATHLEAN-X™,fitness,15 Early Signs of Very POOR Health as You Age!,227589,9971,577,1696,4.634670392681545,0,20,long,415314.5,0.5479919434548999,Medium,46,10,1,0,0,0,1,0,0,0,0,0,0,0,0,0,0,0,0,0,0,0,0,0,0,2
zHXfXaofaTk,20,ATHLEAN-X™,fitness,How to Perform Reps for Most Muscle Growth,162180,7243,317,619,4.661487236403995,0,18,long,415314.5,0.39049924816012926,Low,42,8,0,0,0,0,0,0,0,0,0,0,0,0,0,0,0,0,0,0,0,0,1,0,0,2
LGsS-T-cSEc,20,ATHLEAN-X™,fitness,3 Moves Your Body Is BEGGING You to Do! (UNDO LOST MOBILITY),744507,31867,734,634,4.3788708501061775,6,19,long,415314.5,1.7926342566898097,High,60,12,1,0,0,0,1,0,0,0,0,0,0,0,0,0,0,0,0,0,0,0,0,0,0,2
KKBZeZszOOM,20,ATHLEAN-X™,fitness,How to Train LESS and Get Far Better Results (I'LL PROVE IT),4449443,19512,899,581,0.4587315760646894,0,18,medium,415314.5,10.713430424413305,Viral,60,12,0,0,0,0,0,0,0,0,0,0,0,0,0,0,0,0,0,0,0,0,1,0,0,1
ZkzdgjtUyT8,20,ATHLEAN-X™,fitness,The 6 Most Attractive Muscles on Men (ACCORDING TO WOMEN!),401607,18780,392,115,4.773821173435722,4,20,short,415314.5,0.9669948918229438,Medium,58,10,1,0,0,0,1,0,0,0,0,0,0,0,0,0,0,0,0,0,0,0,0,0,0,0
lEHqcWy_2_w,20,ATHLEAN-X™,fitness,How to Fix Knee Pain With SIMPLE Exercise (FOREVER),5227629,13984,400,766,0.2751534204129635,6,19,long,415314.5,12.58715744333511,Viral,51,9,0,0,0,0,0,0,0,0,0,0,0,0,0,0,0,0,0,0,0,0,1,0,0,2
yBj9H-El4Fc,20,ATHLEAN-X™,fitness,This Will Change How You Do Pushups,252819,6564,77,32,2.6267804239396564,1,16,short,415314.5,0.6087410865741504,Medium,35,7,0,0,0,0,0,0,0,0,0,0,0,0,0,0,0,0,0,0,0,0,0,0,0,0
L5CBFv_xSQc,20,ATHLEAN-X™,fitness,The ONLY 2 Exercises for Peaked Biceps,1676753,18627,303,77,1.1289677131932967,4,19,short,415314.5,4.0373090754115255,Viral,38,7,1,0,0,0,0,0,0,0,0,0,0,0,0,0,0,0,1,0,0,0,0,0,0,0
YTkHLAF-jgg,20,ATHLEAN-X™,fitness,How to Get Lean at ANY Age! (PROVEN METHOD),969138,10778,687,1599,1.1830100563593626,0,19,long,415314.5,2.333503886813487,High,43,9,0,0,0,0,1,0,0,0,0,0,0,0,0,0,0,0,0,0,0,0,1,0,0,2
CzJti9nFmoc,20,ATHLEAN-X™,fitness,"The ONLY 2 Dumbbell Lat Exercises You Need (NO, SERIOUSLY!)",1154637,13599,253,213,1.1996844029768663,3,17,medium,415314.5,2.7801509458494706,High,59,10,1,0,0,0,1,0,0,0,0,0,0,0,0,0,0,0,1,0,0,0,0,0,0,1
ZJ09graxv8U,20,ATHLEAN-X™,fitness,The Most “Effective” Way to Build Your Chest,722664,22978,401,60,3.235113413702634,4,20,short,415314.5,1.7400403790380543,High,44,8,0,0,0,0,0,0,0,0,0,0,0,0,0,0,0,0,0,0,0,0,0,0,0,0
WGkVMg-IciU,20,ATHLEAN-X™,fitness,The Most Important Chest Exercise (DON’T SKIP),330548,3272,67,7,1.010140735989932,1,18,short,415314.5,0.795898048346494,Medium,46,7,0,0,0,0,0,0,0,0,0,0,0,0,0,0,0,0,0,0,0,0,0,0,0,0
v8H9gikBrKQ,20,ATHLEAN-X™,fitness,Muscular Bodies BEFORE Steroids Existed (PICS),173542,5581,233,77,3.35019764667919,4,16,short,415314.5,0.41785682898141047,Low,46,6,0,0,0,0,0,0,0,0,0,0,0,0,0,0,0,0,0,0,0,0,0,0,0,0
eU2y-i7mt5Q,20,ATHLEAN-X™,fitness,5 Stretches Your Body Needs EVERY Morning,1115005,19813,464,537,1.8185568674579937,6,17,medium,415314.5,2.6847244678430444,High,41,7,1,0,0,0,0,0,0,0,0,0,0,0,0,0,1,0,0,0,0,0,0,0,0,1
9v8leGpX9O8,20,ATHLEAN-X™,fitness,The ONLY 2 Exercises for Bigger Shoulders,762306,23030,163,70,3.042479004494258,4,21,short,415314.5,1.8354909351828554,High,41,7,1,0,0,0,0,0,0,0,0,0,0,0,0,0,0,0,1,0,0,0,0,0,0,0
XgwXopZadqs,20,ATHLEAN-X™,fitness,"The ONLY 2 Dumbbell Chest Exercises You Need (NO, SERIOUSLY!)",1609969,32918,636,327,2.0841395082762464,0,18,medium,415314.5,3.87650563609024,Viral,61,10,1,0,0,0,1,0,0,0,0,0,0,0,0,0,0,0,1,0,0,0,0,0,0,1
Oa1ta2lU3ZI,20,ATHLEAN-X™,fitness,Stop Doing THIS On Lat Pulldowns!,739099,22634,191,74,3.088219575456062,4,21,short,415314.5,1.7796127994567972,High,33,6,0,0,0,0,1,0,0,0,0,0,0,0,0,0,0,0,0,0,0,0,0,0,0,0
BmoMGmFwOQo,20,ATHLEAN-X™,fitness,Chest Exercise Tier List (RANKINGS),506874,12992,157,76,2.5941358207365144,0,16,short,415314.5,1.220458231051408,High,35,5,0,0,0,0,0,0,0,0,0,0,0,0,0,0,0,0,0,0,0,0,0,0,0,0
k0I9fFTekas,20,ATHLEAN-X™,fitness,How To STOP Losing Muscle As You Age (IMPORTANT!),1146994,6881,548,1034,0.6476930132154135,3,17,long,415314.5,2.761748024689723,High,49,9,0,0,0,0,1,0,0,0,0,0,0,0,0,0,0,0,0,0,0,0,1,0,0,2
vh32ZTBsSs4,20,ATHLEAN-X™,fitness,How to Get Six Pack Abs (90% RULE),207747,4286,109,65,2.1155540152204364,1,21,short,415314.5,0.5002161012919125,Medium,34,8,1,0,0,0,0,0,0,0,0,0,0,0,0,0,0,0,0,0,0,0,1,0,0,0
-7TPSr0-yo4,20,ATHLEAN-X™,fitness,"The ONLY 2 Quad Exercises You Need (NO, SERIOUSLY!)",1222247,13146,586,286,1.123504496227031,6,17,medium,415314.5,2.9429432394005026,High,51,9,1,0,0,0,1,0,0,0,0,0,0,0,0,0,0,0,1,0,0,0,0,0,0,1
F8DErukW4yo,20,ATHLEAN-X™,fitness,How to Fix FLAT Glutes (MAKE THEM ROUND),1140459,11625,356,706,1.0505419309243031,2,17,long,415314.5,2.746012961261887,High,40,8,0,0,0,0,0,0,0,0,0,0,0,0,0,0,0,0,0,0,0,0,1,0,0,2
A2s4QLmND2E,20,ATHLEAN-X™,fitness,The ONLY 2 Exercises for Chiseled Abs,1765035,74359,399,86,4.23549674652344,6,17,short,415314.5,4.249875696610641,Viral,37,7,1,0,0,0,0,0,0,0,0,0,0,0,0,0,0,0,1,0,0,0,0,0,0,0
JA3Ys9v4NyI,20,ATHLEAN-X™,fitness,The ONLY Exercises You Need (MEN OVER 40),4920360,38312,1168,940,0.8023803136355876,0,17,long,415314.5,11.847310893310972,Viral,41,8,1,0,0,0,0,0,0,0,0,0,0,0,0,0,0,0,1,0,0,0,0,0,0,2
tVA7S5_MeqQ,20,ATHLEAN-X™,fitness,How to Build Huge Biceps (ROUND / FULL),517864,16184,257,76,3.1747717547464203,4,20,short,415314.5,1.2469201051251522,High,39,8,0,0,0,0,0,0,0,0,0,0,0,0,0,0,0,0,0,0,0,0,1,0,0,0
Fz7wUtKh3gQ,20,ATHLEAN-X™,fitness,The Best Way to Get Lean (FROM ANY BODY FAT LEVEL!),1210022,12389,784,813,1.0886578921705556,0,17,long,415314.5,2.913507715237489,High,51,11,0,0,0,0,1,0,0,0,0,0,0,0,1,0,0,0,0,0,0,0,0,0,0,2
THqN40NcT8M,20,ATHLEAN-X™,fitness,The ONLY 2 Exercises for Thicker Triceps,4096225,116963,533,61,2.8683971217401387,4,15,short,415314.5,9.862947236371472,Viral,40,7,1,0,0,0,0,0,0,0,0,0,0,0,0,0,0,0,1,0,0,0,0,0,0,0
Yms9gHkXQf8,20,ATHLEAN-X™,fitness,This Workout Will Completely Change Your Body,1123853,12797,401,554,1.1743528735519682,0,16,medium,415314.5,2.7060288046769374,High,45,7,0,0,0,0,0,0,0,0,0,0,0,0,0,0,0,0,0,0,0,0,0,0,0,1
gvSku8LmMXI,20,ATHLEAN-X™,fitness,The REAL Fake Natty Problem,1055879,24668,2324,761,2.556353521568286,6,17,long,415314.5,2.5423600668890685,High,27,5,0,0,0,0,0,0,0,0,0,0,0,0,0,0,0,0,0,0,0,0,0,0,0,2
E0fhqFK3agg,20,ATHLEAN-X™,fitness,The ONLY 2 Exercises for Wider Biceps,11282104,625046,1425,59,5.552785189712841,4,17,short,415314.5,27.165206126923092,Viral,37,7,1,0,0,0,0,0,0,0,0,0,0,0,0,0,0,0,1,0,0,0,0,0,0,0
IR1TPr6adH8,20,ATHLEAN-X™,fitness,"How to Fix Your ""FLAT"" Chest (PANCAKE PECS!)",235057,8160,300,559,3.5991270202546617,1,18,medium,415314.5,0.565973497193091,Medium,44,8,0,0,0,0,1,0,0,0,0,0,0,0,0,0,0,0,0,0,0,0,1,0,0,1
5UF7kGGT0Bs,20,ATHLEAN-X™,fitness,Creatine: The “Steroids” for Your Brain,690794,22197,661,57,3.308945937573285,0,18,short,415314.5,1.6633033520380338,High,39,6,0,0,0,0,0,0,0,0,0,0,0,0,0,0,0,0,0,0,0,0,0,0,0,0
z8T7nGjhXU0,20,ATHLEAN-X™,fitness,The ONLY 2 Lat Exercises You Need for Bigger Lats,494613,13651,94,70,2.778940302822611,3,19,short,415314.5,1.1909360255902455,High,49,10,1,0,0,0,0,0,0,0,0,0,0,0,0,0,0,0,1,0,0,0,0,0,0,0
TzWgv2BeITs,20,ATHLEAN-X™,fitness,"How to Fix Your ""FLAT"" Triceps (GUARANTEED)",1257018,9568,328,589,0.7872600074143729,0,16,medium,415314.5,3.02666533434301,Viral,43,7,0,0,0,0,0,0,0,0,0,0,0,0,0,0,0,0,0,0,0,0,1,0,0,1
QfDqL93fr3A,20,ATHLEAN-X™,fitness,The 3 Greatest Rear Delt Exercises (NOT FLYS!),1210574,33669,227,61,2.7999940524081963,4,18,short,415314.5,2.9148368284757695,High,46,8,1,0,0,0,1,0,0,0,0,0,0,0,0,0,0,0,0,0,0,0,0,0,0,0
slC0OBYb7EI,20,ATHLEAN-X™,fitness,Incline Curls Tip You’re Forgetting!,279185,7175,104,35,2.607231763884163,2,21,short,415314.5,0.6722255062127617,Medium,36,5,0,0,0,0,1,0,0,0,0,0,0,0,0,0,0,0,0,0,0,0,0,0,0,0
MTDAe-DCgtY,20,ATHLEAN-X™,fitness,Sacha Baron Cohen Body Transformation (EXPOSED!),1112491,4801,427,1239,0.4699363860022238,0,16,long,415314.5,2.6786712238556563,High,48,6,0,0,0,0,1,0,0,0,0,0,0,0,0,0,0,0,0,0,0,0,0,0,0,2
0JeQlfQ5iCg,20,ATHLEAN-X™,fitness,Do This Right Before Bed EVERY Night,1087048,9365,403,486,0.8985803754756,3,18,medium,415314.5,2.6174092163890257,High,36,7,0,0,0,0,0,0,0,0,0,0,0,0,0,0,1,0,0,0,0,0,0,0,0,1
DqNT_u6XoGo,20,ATHLEAN-X™,fitness,New Superman Reveals His Diet and Workout (40 LBS OF MUSCLE!?),1049550,8390,993,1186,0.8940021914153684,0,17,long,415314.5,2.52712101311175,High,62,11,1,0,0,1,1,0,0,0,0,0,0,0,0,0,0,0,0,0,0,0,0,0,0,2
6aS49WovOwU,20,ATHLEAN-X™,fitness,This Matters MORE Than Strength,98428,2725,48,45,2.8172877636444915,1,19,short,415314.5,0.23699630039403874,Low,31,5,0,0,0,0,0,0,0,0,0,0,0,0,0,0,0,0,0,0,0,0,0,0,0,0
l50L2T71xis,20,ATHLEAN-X™,fitness,How to Get Bigger Legs WITHOUT Squats (PAIN FREE),1253098,18859,596,535,1.5525521547396932,6,16,medium,415314.5,3.0172267041001457,Viral,49,9,0,0,0,0,0,0,0,0,0,0,1,0,0,0,0,0,0,0,0,0,1,0,0,1
K_13WzNS_dk,20,ATHLEAN-X™,fitness,Training to Failure Isn’t Necessary?,146382,4132,79,76,2.8767198152778346,3,21,short,415314.5,0.35246060515585176,Low,36,5,0,0,0,1,0,0,0,0,0,0,0,0,0,0,0,0,0,0,0,0,0,0,0,0
neuPgj1lyqE,20,ATHLEAN-X™,fitness,Best Wrist Position for Curls (HUGE BICEPS),228107,6843,104,70,3.0455005764838434,2,18,short,415314.5,0.5492391910227069,Medium,43,7,0,0,0,0,0,0,0,0,0,0,0,0,1,0,0,0,0,0,0,0,0,0,0,0
MCfaMfPKWK8,20,ATHLEAN-X™,fitness,The WORST Fitness and Nutrition Lies People STILL Believe!,442965,12864,650,1537,3.0508053683699616,0,18,long,415314.5,1.0665772565128355,High,58,9,0,0,0,0,1,0,0,0,0,0,0,0,0,1,0,0,0,0,0,0,0,0,0,2
ILtMEOereYo,20,ATHLEAN-X™,fitness,5 Things EVERY Ripped Guy Does,325269,6879,313,51,2.2110929722783297,2,18,short,415314.5,0.7831871990985145,Medium,30,6,1,0,0,0,0,0,0,0,0,0,0,0,0,0,1,0,0,0,0,0,0,0,0,0
NL3YsKLAch8,20,ATHLEAN-X™,fitness,Single Leg Squats Equate to HOW Much Weight?!?,174680,4541,88,62,2.6499885504923286,1,19,short,415314.5,0.42059692112844604,Low,46,8,0,0,0,1,1,0,0,0,0,0,0,0,0,0,0,0,0,0,0,0,0,0,0,0
ris9tKqMwgU,20,ATHLEAN-X™,fitness,Stop F*cking Up The Arnold Press (PROPER FORM!),1297171,7829,310,461,0.6274423341255702,3,19,medium,415314.5,3.1233462833587557,Viral,47,8,0,0,0,0,1,0,0,0,0,0,0,0,0,0,0,0,0,0,0,0,0,0,0,1
XR70Tq-jtdE,20,ATHLEAN-X™,fitness,THIS is How You'll Get Lean Once and For All (GUARANTEED!),1177398,15602,843,1587,1.396723962500361,0,18,long,415314.5,2.834955196604019,High,58,11,0,0,0,0,1,0,0,0,0,0,0,0,0,0,0,0,0,0,0,0,0,0,0,2
HflN05RrzGY,20,ATHLEAN-X™,fitness,"Why Most ""Over 40"" Workouts FAIL (And What Actually Works)",1196703,15721,1040,1007,1.4005981433989887,3,20,long,415314.5,2.881438042736288,High,58,10,1,0,0,0,0,0,0,0,0,0,0,0,0,0,0,0,0,0,0,0,0,1,0,2
DCe8f6vMe9A,20,ATHLEAN-X™,fitness,Stop Screwing Up Incline Dumbbell Curls (PROPER FORM!),1750404,18929,414,305,1.105059174910478,0,18,medium,415314.5,4.214646972354686,Viral,54,8,0,0,0,0,1,0,0,0,0,0,0,0,0,0,0,0,0,0,0,0,0,0,0,1
Lr9JJNJS7dY,20,ATHLEAN-X™,fitness,ATHLEAN-X™ is live!,43562,983,64,1220,2.4034709150176763,3,16,long,415314.5,0.10488918638766526,Low,19,3,0,0,0,0,1,0,0,0,0,0,0,0,0,0,0,0,0,0,0,0,0,0,0,2
knG3btP-SCc,20,ATHLEAN-X™,fitness,“Health” Foods Are Keeping You Fat,282651,4236,131,48,1.5450148770037964,1,21,short,415314.5,0.6805709889734165,Medium,34,6,0,0,0,0,0,0,0,0,0,0,0,0,0,0,0,0,0,0,0,0,0,0,0,0
NBrek6S8W4o,20,ATHLEAN-X™,fitness,6 Exercises That Undo Years of Damage! (SLOW AGING),1135782,23105,690,879,2.095032321343356,6,17,long,415314.5,2.7347516159440617,High,51,9,1,0,0,0,1,0,0,0,0,0,0,0,0,0,0,0,0,0,0,0,0,0,0,2
e-N8bHNcLP4,20,ATHLEAN-X™,fitness,Don’t SKIP This Total Body Stretch (DO IT DAILY!),134252,3474,41,43,2.6182105294520754,3,20,short,415314.5,0.32325382330739716,Low,49,9,0,0,0,0,1,0,0,0,0,0,0,0,0,0,0,0,0,0,0,0,0,0,0,0
ZFPcfYIceBA,20,ATHLEAN-X™,fitness,8 Most Effective Exercises for Gaining Muscle,1276473,28625,830,1518,2.3075302023622903,6,18,long,415314.5,3.0735093525508983,Viral,45,7,1,0,0,0,0,0,0,0,0,0,0,0,0,0,0,0,0,0,0,0,0,0,0,2
CIy9sX_cpVM,20,ATHLEAN-X™,fitness,From “Fat” to “Fit” in 24 Hrs (SERIOUSLY!),186545,3129,61,46,1.7100431531265916,2,20,short,415314.5,0.4491656323099723,Low,42,8,1,0,0,0,1,0,0,0,0,0,0,0,0,0,0,0,0,0,0,0,0,0,0,0
Z6uloG17Jhg,20,ATHLEAN-X™,fitness,How I Transformed My Body in 24 Hours! (STEP ONE: Drink Soda),228149,11410,1272,272,5.558648076476338,0,19,medium,415314.5,0.5493403192038804,Medium,61,12,1,0,0,0,1,0,0,1,0,0,0,0,0,0,0,0,0,0,0,0,1,0,0,1
BK2HdRp4Oo0,20,ATHLEAN-X™,fitness,Size vs Strength | How To Train For Each (OR BOTH!),1361513,16347,1356,2045,1.3002446542926875,0,17,very_long,415314.5,3.278269841288951,Viral,51,11,0,0,0,0,1,1,0,0,0,0,0,0,0,0,0,0,0,0,0,0,0,0,0,3
Iq1LP6dnf1U,20,ATHLEAN-X™,fitness,This Bodyweight Exercise CANNOT Be Ignored,199056,6520,85,69,3.318161723334137,3,20,short,415314.5,0.47928979123050125,Low,42,6,0,0,0,0,0,0,0,0,0,0,0,0,0,0,0,0,0,0,0,0,0,0,0,0
npVSPXphcMQ,20,ATHLEAN-X™,fitness,The BEST Way To Do Pushups!,331168,8888,103,42,2.714936225722292,1,18,short,415314.5,0.7973908929257225,Medium,27,6,0,0,0,0,1,0,0,0,0,0,0,0,1,0,0,0,0,0,0,0,0,0,0,0
3hC8q7mAUtw,20,ATHLEAN-X™,fitness,"Will Tennyson’s Bodybuilding Plan (GOOD, BAD & UGLY!)",509372,6126,333,1531,1.2680320080412744,6,17,long,415314.5,1.2264729500173965,High,53,8,0,0,0,0,1,0,0,0,0,0,0,0,0,0,0,0,0,0,0,0,0,0,0,2
Fn20RMooEGU,20,ATHLEAN-X™,fitness,You’re Doing Pushups Wrong (Flip Them!),150534,3779,193,107,2.638606560644107,4,21,short,415314.5,0.3624578482090079,Low,39,6,0,0,0,0,1,0,0,0,0,0,0,0,0,0,0,0,0,0,0,0,0,0,0,0
Ac6WhCsMArE,20,ATHLEAN-X™,fitness,These Pushups Will Change Your ENTIRE Body (GUARANTEED!),1675671,62368,1173,748,3.7919734840550445,6,18,long,415314.5,4.034703820839388,Viral,56,8,0,0,0,0,1,0,0,0,0,0,0,0,0,0,0,0,0,0,0,0,0,0,0,2
6_g-bui2qcw,20,ATHLEAN-X™,fitness,10 Min Ab Workout for 6 Pack Abs (RESULTS GUARANTEED),1087356,21118,822,688,2.0177384407682486,3,20,long,415314.5,2.618150823050965,High,53,10,1,0,0,0,0,0,0,0,0,0,0,0,0,0,0,0,0,0,0,0,0,0,0,2
dgcKUYjDCX0,20,ATHLEAN-X™,fitness,Women Wish You'd Do THESE Exercises More!,263788,6944,448,1431,2.802250291901072,0,17,long,415314.5,0.6351523965573078,Medium,41,7,0,0,0,0,1,0,0,0,0,0,0,0,0,0,0,0,0,0,0,0,0,0,0,2
Iio94MY5jFM,20,ATHLEAN-X™,fitness,7 Diet & Training Mistakes to Avoid Now!,239044,6428,401,1331,2.856796238349425,3,18,long,415314.5,0.5755734509630653,Medium,40,8,1,0,0,0,1,0,0,0,0,0,0,0,0,0,0,0,0,0,0,0,0,0,0,2
sa0cbFSizjg,20,ATHLEAN-X™,fitness,90% People Become Flexible With These 5 Stretches!,789718,29506,532,496,3.8036362347065658,0,17,medium,415314.5,1.9014939280954555,High,50,8,1,0,0,0,1,0,0,0,0,0,0,0,0,0,0,0,0,0,0,0,0,0,0,1
fg5kjeClgrw,20,ATHLEAN-X™,fitness,Arnold’s “Wide Grip” Bench Form (GOOD or BAD?),386350,6571,115,66,1.7305551960657435,3,22,short,415314.5,0.9302588761047351,Medium,46,8,0,0,0,1,0,0,0,0,0,0,0,0,0,0,0,0,0,0,0,0,0,0,0,0
ThyVhkr2964,20,ATHLEAN-X™,fitness,"Stop Doing ""100 Pushups A Day"" (I'M BEGGING YOU!)",1753467,34556,3657,1126,2.17928252998203,0,18,long,415314.5,4.222022106138842,Viral,49,9,1,0,0,0,1,0,0,0,0,0,0,0,0,0,0,0,0,0,1,0,0,0,0,2
x9jvUHbbIhU,20,ATHLEAN-X™,fitness,Gym Exercises Ranked (BEST TO WORST!),1949121,38227,1656,1555,2.046204417273222,1,17,long,415314.5,4.693120514694286,Viral,37,6,0,0,0,0,1,0,0,0,0,0,0,0,1,1,0,0,0,0,0,0,0,0,0,2
MENW8gHhCV8,20,ATHLEAN-X™,fitness,Fix a Sore Low Back (WITH JUST A WALL),204719,6575,88,61,3.2547052300958876,0,20,short,415314.5,0.49292524099206747,Low,38,9,0,0,0,0,0,0,0,0,0,0,0,0,0,0,0,0,0,0,0,0,0,0,0,0
NAAU860x-EI,20,ATHLEAN-X™,fitness,Creatine: Food Alone Isn’t Enough,102706,1842,50,58,1.8421513835608436,4,20,short,415314.5,0.24729692799071548,Low,33,5,0,0,0,0,0,0,0,0,0,0,0,0,0,0,0,0,0,0,0,0,0,0,0,0
oLRqAgzD2vU,20,ATHLEAN-X™,fitness,5 Exercises You’ll Regret Ignoring in 10 Years!,1060549,45581,1171,500,4.408282879904654,6,17,medium,415314.5,2.5536045575100315,High,47,8,1,0,0,0,1,0,0,0,0,0,0,0,0,0,0,0,0,0,0,0,0,0,0,1
-OcZN6X1qeY,20,ATHLEAN-X™,fitness,“Use it or Lose it” is REAL,359833,20443,398,55,5.791853443125005,4,23,short,415314.5,0.8664108765766666,Medium,27,7,0,0,0,0,0,0,0,0,0,0,0,0,0,0,0,0,0,0,0,0,0,0,0,0
juo_9Lkwu0M,20,ATHLEAN-X™,fitness,Do This EVERY Morning (Workout or Not!),1199701,57519,489,58,4.835204771855654,2,22,short,415314.5,2.888656668621009,High,39,7,0,0,0,0,1,0,0,0,0,0,0,0,0,0,1,0,0,0,0,0,0,0,0,0
d2r5TCqnR4Y,20,ATHLEAN-X™,fitness,Do EZ Bar Curls Like This (IMPORTANT),2081038,47069,827,60,2.301543748840723,2,20,short,415314.5,5.0107520926912015,Viral,37,7,0,0,0,0,0,0,0,0,0,0,0,0,0,0,0,0,0,0,0,0,0,0,0,0
95qbW9S_WW8,20,ATHLEAN-X™,fitness,Creatine: Everything You NEED to Know Before Taking,907714,24650,1838,1172,2.9180997538872377,6,18,long,415314.5,2.1856063296610158,High,51,8,0,0,0,0,0,0,0,0,0,0,0,0,0,0,1,0,0,0,0,0,0,0,0,2
UVg096XPLjo,20,ATHLEAN-X™,fitness,Masturbation is KILLING Your Gains,366832,8675,1432,495,2.7552121952283333,0,19,medium,415314.5,0.8832631656250866,Medium,34,5,0,0,0,0,0,0,0,0,0,0,0,0,0,0,0,0,0,0,0,0,0,0,0,1
AAmIiuhkfA0,20,ATHLEAN-X™,fitness,STOP Doing Swings Like This!,397313,10974,127,50,2.794018821432976,5,18,short,415314.5,0.9566557392048677,Medium,28,5,0,0,0,0,1,0,0,0,0,0,0,0,0,0,0,0,0,0,0,0,0,0,0,0
CcwFItF9aOk,20,ATHLEAN-X™,fitness,This Fixes Bad Posture (ROUNDED SHOULDERS),292088,10085,64,40,3.474637780394949,1,21,short,415314.5,0.703293528157577,Medium,42,6,0,0,0,0,0,0,0,0,0,0,0,0,0,0,0,0,0,0,0,0,0,0,0,0
BavuJEzLSB0,20,ATHLEAN-X™,fitness,Building Muscle at 40: What Nobody Tells You,1432488,31493,3171,1070,2.419845750889362,6,17,long,415314.5,3.4491644284030536,Viral,44,8,1,0,0,0,0,0,0,0,0,0,0,0,0,0,0,0,0,0,0,0,0,0,0,2
BjEOEatZ3tI,20,ATHLEAN-X™,fitness,This Stretch Can Fix Your Body,420288,17975,165,58,4.316088015836759,3,20,short,415314.5,1.011975262120634,High,30,6,0,0,0,0,0,0,0,0,0,0,0,0,0,0,0,0,0,0,0,0,0,0,0,0
qu1pqo-dbXM,20,ATHLEAN-X™,fitness,5 Exercises That Fix 95% Of Your Problems,2151291,81206,1368,719,3.838346369691502,0,17,long,415314.5,5.179908238214654,Viral,41,8,1,0,0,0,0,0,0,0,0,0,0,0,0,0,0,0,0,0,0,0,0,0,0,2
zEf4pKoKc70,20,ATHLEAN-X™,fitness,The PERFECT Shoulder Workout (2025 EDITION),661419,16660,603,520,2.609994572275668,3,21,medium,415314.5,1.5925738205624893,High,43,6,1,0,0,0,0,0,0,0,0,0,0,0,0,0,0,0,0,0,0,0,0,0,0,1
mFKu8a8jLjM,20,ATHLEAN-X™,fitness,The Truth About “Building Muscle WHILE Burning Fat”,275960,8295,194,57,3.076170459486882,1,19,short,415314.5,0.6644603065869359,Medium,51,8,0,0,0,0,0,0,0,0,0,0,0,0,0,0,0,0,0,0,0,0,0,0,0,0
bItpulYxwFY,20,ATHLEAN-X™,fitness,I Can’t Believe This Sh*t (OUTRAGEOUS FITNESS VIDEOS!),264722,8102,398,877,3.2109156020277876,6,17,long,415314.5,0.6374012946815004,Medium,54,8,0,0,0,0,1,0,0,0,0,0,0,0,0,0,0,0,0,0,0,0,0,0,0,2
LB4CxC7Ckbw,20,ATHLEAN-X™,fitness,The Best and Worst Stretches For Your Chest,275338,10600,346,514,3.975477413215757,4,17,medium,415314.5,0.6629626463800324,Medium,43,8,0,0,0,0,0,0,0,0,0,0,0,0,1,1,0,0,0,0,0,0,0,0,0,1
2ogArxKjnoM,20,ATHLEAN-X™,fitness,He’s Skinny BUT Incredibly Strong!,253979,9879,308,49,4.01096153619,0,22,short,415314.5,0.6115341506256102,Medium,34,5,0,0,0,0,1,0,0,0,0,0,0,0,0,0,0,0,0,0,0,0,0,0,0,0
iK58TeDzNpw,20,ATHLEAN-X™,fitness,Please STOP Doing Upright Rows!,445816,12571,161,37,2.8558867335402947,1,22,short,415314.5,1.073441933763449,High,31,5,0,0,0,0,1,0,0,0,0,0,0,0,0,0,0,0,0,0,0,0,0,0,0,0
3AUck955soQ,20,ATHLEAN-X™,fitness,Mark Wahlberg's Day of Eating Reviewed (RIPPED AT 52?!?),745656,13369,1340,1061,1.97262544658663,0,19,long,415314.5,1.7954008347890575,High,56,9,1,0,0,1,1,0,0,0,0,0,0,0,0,0,0,0,0,0,1,1,0,0,0,2
VCw_uIxW8WE,20,ATHLEAN-X™,fitness,STOP Doing This On Bicep Curls!,969158,34197,269,40,3.5562828764762813,4,21,short,415314.5,2.3335520430902363,High,31,6,0,0,0,0,1,0,0,0,0,0,0,0,0,0,0,0,0,0,0,0,0,0,0,0
hmeTQHsBwv8,20,ATHLEAN-X™,fitness,The Most Effective Biceps Workout (SIZE AND DEFINITION),602586,16423,491,675,2.8069022512969104,3,21,long,415314.5,1.450914909062891,High,55,8,0,0,0,0,0,0,0,0,0,0,0,0,0,0,0,0,0,0,0,0,0,0,0,2
zk6BHl-7ZTI,20,ATHLEAN-X™,fitness,The Best Hip Flexor Stretch Known to Man!,267169,12511,103,55,4.721356145361176,1,19,short,415314.5,0.6432932151417781,Medium,41,8,0,0,0,0,1,0,0,0,0,0,0,0,1,0,0,0,0,0,0,0,0,0,0,0
8Nkfuhxsl-0,20,ATHLEAN-X™,fitness,The PERFECT Tricep Workout (2025 EDITION),648723,15645,427,752,2.4774826852138743,6,19,long,415314.5,1.5620042160820293,High,41,6,1,0,0,0,0,0,0,0,0,0,0,0,0,0,0,0,0,0,0,0,0,0,0,2
qZn5xXqjTZE,20,ATHLEAN-X™,fitness,The Problem with the “Carnivore” Diet,64306,2566,120,47,4.176904176904177,4,19,short,415314.5,0.15483687663204632,Low,37,6,0,0,0,0,0,0,0,0,0,0,0,0,0,0,0,0,0,0,0,0,0,0,0,0
U5VtjFywhIA,20,ATHLEAN-X™,fitness,"5 Stretches That Instantly ""UNDO"" Sitting (FEEL AMAZING!)",354499,18577,353,515,5.339930437039315,3,21,medium,415314.5,0.8535675975676265,Medium,57,8,1,0,0,0,1,0,0,0,0,0,0,0,0,0,0,0,0,0,0,0,0,0,0,1
noZZ0LWjL10,20,ATHLEAN-X™,fitness,Which Form of Creatine is REALLY Best?,363181,6020,156,61,1.7005294880514124,1,21,short,415314.5,0.8744722373045005,Medium,38,7,0,0,0,1,0,0,0,0,0,0,0,0,1,0,0,0,0,0,0,0,0,0,0,0
mhUJIkdToe8,20,ATHLEAN-X™,fitness,9 Muscle Building Mistakes I REGRET Making!,1152715,31239,826,1151,2.7816936536784893,0,19,long,415314.5,2.7755231276538623,High,43,7,1,0,0,0,1,0,0,0,0,0,0,0,0,0,0,0,0,0,0,0,0,0,0,2
74XocPGr1SU,20,ATHLEAN-X™,fitness,Do More Unbroken Pull-Ups (INSTANTLY),315266,13138,125,46,4.20692367714882,4,16,short,415314.5,0.7591018372823487,Medium,37,5,0,0,0,0,0,0,0,0,0,0,0,0,0,0,0,0,0,0,0,0,0,0,0,0
QXtXEug0PLU,20,ATHLEAN-X™,fitness,The PERFECT Leg Workout (Backed by Science),899965,20015,726,1034,2.304645180645914,0,19,long,415314.5,2.166948180234497,High,43,7,0,0,0,0,0,0,0,0,0,0,0,0,0,0,0,0,0,0,0,0,0,0,0,2
COExPEOqkAI,20,ATHLEAN-X™,fitness,Can Cold Showers Build Muscle??,95793,3631,119,55,3.91469105258213,4,20,short,415314.5,0.23065171093231757,Low,31,5,0,0,0,1,0,0,0,0,0,0,0,0,0,0,0,0,0,0,0,0,0,0,0,0
plvHqKkfKwk,20,ATHLEAN-X™,fitness,"How to Get Taller, Wider Biceps",3073701,26850,175,53,0.8792332110377684,3,21,short,415314.5,7.400899800031061,Viral,31,6,0,0,0,0,0,0,0,0,0,0,0,0,0,0,0,0,0,0,0,0,1,0,0,0
hFhN7K8VpMs,20,ATHLEAN-X™,fitness,Please STOP This Dumb Exercise!,410341,17779,397,51,4.429486695212031,1,21,short,415314.5,0.9880247378793661,Medium,31,5,0,0,0,0,1,0,0,0,0,0,0,0,0,0,0,0,0,0,0,0,0,0,0,0
DDFV9xrF_6Y,20,ATHLEAN-X™,fitness,Do This Stretch EVERY Day For Better Posture!,173163,10271,83,49,5.979337387317152,0,22,short,415314.5,0.4169442675370111,Low,45,8,0,0,0,0,1,0,0,0,0,0,0,0,0,0,1,0,0,0,1,0,0,0,0,0
BhnMhfP3zko,20,ATHLEAN-X™,fitness,No More Love Handles (5 STEPS TO A SCULPTED WAIST!),618521,18015,529,770,2.998119708142488,6,20,long,415314.5,1.489283422562901,High,51,10,1,0,0,0,1,0,0,0,0,0,0,0,0,0,0,0,0,0,0,0,0,0,0,2
AbLcwcl0TUY,20,ATHLEAN-X™,fitness,The Most “Effective” DB Bench Press?,164882,8053,97,49,4.9429288824735265,4,22,short,415314.5,0.3970051611489606,Low,36,6,0,0,0,1,0,0,0,0,0,0,0,0,0,0,0,0,0,0,0,0,0,0,0,0
tmfLB-SqpEU,20,ATHLEAN-X™,fitness,Skinny Guy INSANE Shoulder Transformation! (NATURAL),181152,3877,167,12,2.232379438261791,3,19,short,415314.5,0.4361802922845217,Low,52,6,0,0,0,0,1,0,0,0,0,0,0,0,0,0,0,0,0,0,0,0,0,0,0,0
Z0eZZrYk7ss,20,ATHLEAN-X™,fitness,"STOP, You’re Lifting Too Fast!",72765,3697,45,50,5.142582285439428,1,19,short,415314.5,0.17520457388316565,Low,30,5,0,0,0,0,1,0,0,0,0,0,0,0,0,0,0,0,0,0,0,0,0,0,0,0
9_nHfo7WEVo,20,ATHLEAN-X™,fitness,My Favorite Way to Do Triceps Pushdowns,132820,6602,134,60,5.071525372684837,3,20,short,415314.5,0.3198058338921468,Low,39,7,0,0,0,0,0,0,0,0,0,0,0,0,0,0,0,0,0,0,0,0,0,0,0,0
qYCMhAWdDYc,20,ATHLEAN-X™,fitness,Eat Like THIS To Get Lean (GUARANTEED),87363,4555,159,59,5.395876973089294,2,20,short,415314.5,0.21035384028248472,Low,38,7,0,0,0,0,0,0,0,0,0,0,0,0,0,0,0,0,0,0,0,0,0,0,0,0
h75LrmiiJGk,20,ATHLEAN-X™,fitness,The IDEAL Way to Train Rear Delts,189340,8925,84,51,4.758107108904616,1,17,short,415314.5,0.455895471985688,Low,33,7,0,0,0,0,0,0,0,0,0,0,0,0,0,0,0,0,0,0,0,0,0,0,0,0
fX36liNtKzw,20,ATHLEAN-X™,fitness,The PERFECT Back Workout (2025 EDITION),845350,21080,664,920,2.572189034127876,6,17,long,415314.5,2.0354454275013274,High,39,6,1,0,0,0,0,0,0,0,0,0,0,0,0,0,0,0,0,0,0,0,0,0,0,2
07_XesYi77o,20,ATHLEAN-X™,fitness,The Best Way to End Your Shoulder Workout,242348,15787,117,60,6.562463894894945,4,18,short,415314.5,0.5835288678820508,Medium,41,8,0,0,0,0,0,0,0,0,0,0,0,0,1,0,0,0,0,0,0,0,0,0,0,0
a5Rnn8MMh1U,20,ATHLEAN-X™,fitness,The ONLY Exercises You Need to Look Jacked,664557,24733,900,37,3.857155970067278,3,21,short,415314.5,1.6001295403844555,High,42,8,0,0,0,0,0,0,0,0,0,0,0,0,0,0,0,0,1,0,0,0,0,0,0,0
uXTbDvyhbnA,20,ATHLEAN-X™,fitness,Weights vs Cardio (Best Recommendation),114484,3705,78,42,3.304391880088047,4,20,short,415314.5,0.2756561593683823,Low,39,5,0,0,0,0,0,1,0,0,0,0,0,0,1,0,0,0,0,0,0,0,0,0,0,0
PUP3ND8KblI,20,ATHLEAN-X™,fitness,Do This Stretch EVERY Day (FEEL AMAZING!),655874,34185,238,43,5.248416616606239,2,22,short,415314.5,1.5792224928337442,High,41,7,0,0,0,0,1,0,0,0,0,0,0,0,0,0,1,0,0,0,1,0,0,0,0,0
TSXVcb2Wc9k,20,ATHLEAN-X™,fitness,Should You AVOID Oblique Exercises?,3555571,160668,322,47,4.527824082264143,1,19,short,415314.5,8.561153053890486,Viral,35,5,0,0,0,1,0,0,0,0,0,0,0,0,0,0,0,0,0,0,0,0,0,0,0,0
zD266B2jk0s,20,ATHLEAN-X™,fitness,The PERFECT Chest Workout (2025 EDITION),1812667,34137,994,959,1.938083497961843,0,18,long,415314.5,4.36456468531679,Viral,40,6,1,0,0,0,0,0,0,0,0,0,0,0,0,0,0,0,0,0,0,0,0,0,0,2
humn_1kCZ1Q,20,ATHLEAN-X™,fitness,How to Get Lean From ANY Body Fat Level,549969,17729,235,48,3.2663659224429016,4,20,short,415314.5,1.324222968376977,High,39,9,0,0,0,0,0,0,0,0,0,0,0,0,0,0,0,0,0,0,0,0,1,0,0,0
qUD44VEldEo,20,ATHLEAN-X™,fitness,How to Build Big Legs WITHOUT Heavy Squats,278638,12413,233,45,4.5385051572290935,3,17,short,415314.5,0.6709084320436681,Medium,42,8,0,0,0,0,0,0,0,0,0,0,0,0,0,0,0,0,0,0,0,0,1,0,0,0
_YUUNv9smng,20,ATHLEAN-X™,fitness,"Get ""6 Pack Abs"" in 22 Days! (DIET | WORKOUT)",434373,14794,467,366,3.5133399175363107,2,17,medium,415314.5,1.0458893200213333,High,45,10,1,0,0,0,1,0,0,0,0,0,0,0,0,0,0,0,0,0,1,0,0,0,0,1
8Tbml_pGdwg,20,ATHLEAN-X™,fitness,Use THIS On Lat Pulldowns For Bigger Lats,233472,9759,152,50,4.245048656798246,0,20,short,415314.5,0.5621571122607084,Medium,41,8,0,0,0,0,0,0,0,0,0,0,0,0,0,0,0,0,0,0,0,0,0,0,0,0
DZyzy_ZyhcI,20,ATHLEAN-X™,fitness,4 Step Body Fat Solution (GET LEAN IN 2025!),487262,19716,957,683,4.242686686012863,6,18,long,415314.5,1.1732361860710376,High,44,9,1,0,0,0,1,0,0,0,0,0,0,0,0,0,0,0,0,0,0,0,0,0,0,2
9TkJpBaMx1I,20,ATHLEAN-X™,fitness,Why You CAN’T Skip Cardio! (SORRY),251787,13598,317,58,5.526496602286854,4,21,short,415314.5,0.6062562226938862,Medium,34,6,0,0,0,0,1,0,0,0,0,0,0,0,0,0,0,0,0,0,0,0,0,1,0,0
Xnl3APItr3k,20,ATHLEAN-X™,fitness,Do This Stretch EVERY Morning (FEEL AMAZING!),1274058,71441,577,55,5.652646896766082,3,21,short,415314.5,3.0676944821334193,Viral,45,7,0,0,0,0,1,0,0,0,0,0,0,0,0,0,1,0,0,0,0,0,0,0,0,0
o_AbaftkNes,20,ATHLEAN-X™,fitness,How Much Protein You REALLY Need to Build Muscle,447317,9222,531,37,2.1803329629770385,0,19,short,415314.5,1.0770560623334846,High,48,9,0,0,0,0,0,0,0,0,0,0,0,0,0,0,0,0,0,0,0,0,1,0,0,0
BPXjwGiKOmo,20,ATHLEAN-X™,fitness,"The Most ""Effective"" Back Workout to Get A Wider Back (EFFECTIVE REPS)",220733,7859,451,721,3.7647293336293166,6,18,long,415314.5,0.5314839717852374,Medium,70,12,0,0,0,0,0,0,0,0,0,0,0,0,0,0,0,0,0,0,0,0,0,0,0,2
Um5QZEqjoFM,20,ATHLEAN-X™,fitness,"""Six Pack Abs"" Don't Mean You're Healthy!",81803,3815,90,44,4.773663557571238,4,18,short,415314.5,0.1969663953461774,Low,41,7,0,0,0,0,1,0,0,0,0,0,0,0,0,0,0,0,0,0,0,0,0,0,0,0
yghNB3z0Ulw,20,ATHLEAN-X™,fitness,How to Fix Rounded Shoulders (FOREVER!),696114,22985,528,651,3.377751345325622,3,20,long,415314.5,1.6761129216533495,High,39,6,0,0,0,0,1,0,0,0,0,0,0,0,0,0,0,0,0,0,0,0,1,0,0,2
ZscoLApKmRw,20,ATHLEAN-X™,fitness,"STOP, You're Training Your Back Wrong!",293960,10909,478,654,3.8736562797659544,2,16,long,415314.5,0.7078009556613121,Medium,38,6,0,0,0,0,1,0,0,0,0,0,0,0,0,0,0,0,0,0,0,0,0,0,0,2
IKQ_bKGT3LQ,20,ATHLEAN-X™,fitness,Start Doing Triceps Pushdowns Like This!,396425,19319,209,60,4.926026360597843,2,17,short,415314.5,0.9545176005171984,Medium,40,6,0,0,0,0,1,0,0,0,0,0,0,0,0,0,0,0,0,0,0,0,0,0,0,0
d8VPXUC00Z0,20,ATHLEAN-X™,fitness,The “Magic” of 12 Reps for Building Muscle,610742,36169,552,58,6.012522472664399,1,18,short,415314.5,1.4705530387212582,High,42,8,1,0,0,0,0,0,0,0,0,0,0,0,0,0,0,0,0,0,0,0,0,0,0,0
t21KdLk7hCU,20,ATHLEAN-X™,fitness,"The Most ""Effective"" Way to Build Your Shoulders (QUICKLY)",880946,25251,1564,664,3.0438869124781767,6,16,long,415314.5,2.1211539688597436,High,58,9,0,0,0,0,0,0,0,0,0,0,0,0,0,0,0,0,0,0,0,0,0,0,0,2
hbahZBJGnkA,20,ATHLEAN-X™,fitness,Why Some Exercise Science Studies Are Flawed,65982,2024,30,29,3.1129702039950287,5,21,short,415314.5,0.15887237262363824,Low,44,7,0,0,0,0,0,0,0,0,0,0,0,0,0,0,0,0,0,0,0,0,0,1,0,0
81avFgEi6xo,20,ATHLEAN-X™,fitness,DON’T Sleep in This Position,152251,5096,255,33,3.5145910371688855,1,21,short,415314.5,0.36659206456793586,Low,28,5,0,0,0,0,0,0,0,0,0,0,0,0,0,0,0,0,0,0,0,0,0,0,0,0
xLPrkQOAXZQ,20,ATHLEAN-X™,fitness,4 MIN FAT BURNING WORKOUT | Do This Every Day for Fat Loss,213264,10656,380,494,5.174806812213969,4,18,medium,415314.5,0.5135000102332088,Medium,58,13,1,0,0,0,0,0,0,0,0,0,0,0,0,0,1,0,0,0,1,0,0,0,0,1
qBDTDrnEpSs,20,ATHLEAN-X™,fitness,Can’t Grow Your Chest? Do Crossovers Like This!,163492,6301,81,46,3.903554914001908,4,19,short,415314.5,0.39365829991488377,Low,47,8,0,0,0,1,1,0,0,0,0,0,0,0,0,0,0,0,0,0,0,0,0,0,0,0
C1M4bAJAxcQ,20,ATHLEAN-X™,fitness,7 Things EVERY Healthy Guy Does (COPY THESE!),339955,14199,632,790,4.362636231265903,3,21,long,415314.5,0.8185483531155305,Medium,45,8,1,0,0,0,1,0,0,0,0,0,0,0,0,0,1,0,0,0,0,0,0,0,0,2
o7yFuIR9XVU,20,ATHLEAN-X™,fitness,Bulgarian Split Squats Made Easy (FORM FIX),805033,21082,183,59,2.641506621467691,2,21,short,415314.5,1.9383695970162371,High,43,7,0,0,0,0,0,0,0,0,0,0,0,0,0,0,0,0,0,0,0,0,0,0,0,0
q0SgUplTA9c,20,ATHLEAN-X™,fitness,Slow Reps Will Change YOUR Workout Forever 😱,183279,7595,125,27,4.2121574211993735,1,22,short,415314.5,0.44130171231681053,Low,44,8,0,0,0,0,0,0,0,0,0,0,0,0,0,0,0,0,0,0,0,0,0,0,0,0
-q57uKxGjXc,20,ATHLEAN-X™,fitness,These 4 Tips Added 4” To His Tiny Arms (PROOF),220494,7322,419,606,3.5107531270692176,6,18,long,415314.5,0.5309085042780832,Medium,46,10,1,0,0,0,0,0,0,0,0,0,0,0,0,0,0,0,0,0,0,0,0,0,0,2
lj3g1api0PQ,20,ATHLEAN-X™,fitness,Fix These 10 Exercises Now (I’M BEGGING YOU!),505892,17739,517,989,3.608675369446443,3,17,long,415314.5,1.218093757863017,High,45,8,1,0,0,0,1,0,0,0,0,0,0,0,0,0,0,0,0,0,0,0,0,0,0,2
jxhZJTuE0tI,20,ATHLEAN-X™,fitness,You’ve Been Doing Reps All Wrong! (FIX THIS),168540,7543,348,440,4.681974605434911,6,18,medium,415314.5,0.40581294416640884,Low,44,8,0,0,0,0,1,0,0,0,0,0,0,0,0,0,0,0,0,0,0,0,0,0,0,1
HRK6xWyhvPg,20,ATHLEAN-X™,fitness,"The Most ""Effective"" Chest Workout to Build Your Chest (QUICKLY)",588765,21094,1483,665,3.8346369094630286,6,18,long,415314.5,1.4176365140152825,High,64,10,0,0,0,0,0,0,0,0,0,0,0,0,0,0,0,0,0,0,0,0,0,0,0,2
5OqqR0PDJLU,20,ATHLEAN-X™,fitness,How to Eat to Get Lean (OR SHREDDED!),403195,13869,195,42,3.4881384937809248,1,19,short,415314.5,0.9708185001968388,Medium,37,8,0,0,0,0,1,0,0,0,0,0,0,0,0,0,0,0,0,0,0,0,1,0,0,0
zb_7qxoCXp8,20,ATHLEAN-X™,fitness,"Do THIS for Muscular, Veiny Forearms",75094,3481,56,27,4.710096678829201,0,19,short,415314.5,0.18081237231062244,Low,36,6,0,0,0,0,0,0,0,0,0,0,0,0,0,0,0,0,0,0,0,0,0,0,0,0
72ZQ8buGL6I,20,ATHLEAN-X™,fitness,The BEST Dumbbell Back Exercises (WIDTH & THICKNESS),653740,18310,367,696,2.8569461865573467,6,18,long,415314.5,1.574084218104593,High,52,8,0,0,0,0,0,0,0,0,0,0,0,0,1,0,0,0,0,0,0,0,0,0,0,2
0tho9qbDdZ0,20,ATHLEAN-X™,fitness,How Fit Are You? (3 SIMPLE TESTS),588856,23483,1246,33,4.199498688983385,3,20,short,415314.5,1.4178556250744918,High,33,7,1,0,0,1,0,0,0,0,0,0,0,0,0,0,0,0,0,0,0,0,1,0,0,0
Z2kbEJMyt10,20,ATHLEAN-X™,fitness,The BEST Dumbbell Shoulder Exercises (ALL 3 HEADS),746521,23635,632,788,3.250678815465338,6,17,long,415314.5,1.797483593758465,High,50,8,1,0,0,0,0,0,0,0,0,0,0,0,1,0,0,0,0,0,0,0,0,0,0,2
dFR11xt1GbQ,20,ATHLEAN-X™,fitness,STOP Doing RDL’s Like This! (I’M BEGGING YOU),188004,8325,77,45,4.469053849918087,3,20,short,415314.5,0.45267863269883424,Low,45,8,0,0,0,0,1,0,0,0,0,0,0,0,0,0,0,0,0,0,0,0,0,0,0,0
KpGD099lSwg,20,ATHLEAN-X™,fitness,"How to Get Bigger, More Vascular Forearms (30 DAYS)",288720,11294,441,566,4.064491548905514,6,17,medium,415314.5,0.6951840111529937,Medium,51,9,1,0,0,0,0,0,0,0,0,0,0,0,0,0,0,0,0,0,1,0,1,0,0,1
-hvkWSGNmZc,20,ATHLEAN-X™,fitness,Fap or No Fap: Which Builds More Muscle?,112281,3596,241,54,3.41731904774628,3,18,short,415314.5,0.2703517454844461,Low,40,8,0,0,0,1,0,0,0,0,0,0,0,0,0,0,0,0,0,0,0,0,0,0,0,0
